pdb|1DE9|A	XP_001351132.1	35.644	60	202	1.15e-25	104	XP_001351132.1 DNA-(apurinic or apyrimidinic site) lyase, putative [Plasmodium falciparum 3D7]
pdb|1DHI|A	XP_001351479.1	33.333	64	111	5.64e-12	60.8	XP_001351479.1 bifunctional dihydrofolate reductase-thymidylate synthase [Plasmodium falciparum 3D7]
pdb|1DHI|B	XP_001351479.1	33.333	64	111	5.64e-12	60.8	XP_001351479.1 bifunctional dihydrofolate reductase-thymidylate synthase [Plasmodium falciparum 3D7]
pdb|1DHJ|A	XP_001351479.1	33.929	64	112	1.53e-12	62.4	XP_001351479.1 bifunctional dihydrofolate reductase-thymidylate synthase [Plasmodium falciparum 3D7]
pdb|1DHJ|B	XP_001351479.1	33.929	64	112	1.53e-12	62.4	XP_001351479.1 bifunctional dihydrofolate reductase-thymidylate synthase [Plasmodium falciparum 3D7]
pdb|2DRC|A	XP_001351479.1	33.333	64	111	5.64e-12	60.8	XP_001351479.1 bifunctional dihydrofolate reductase-thymidylate synthase [Plasmodium falciparum 3D7]
pdb|2DRC|B	XP_001351479.1	33.333	64	111	5.64e-12	60.8	XP_001351479.1 bifunctional dihydrofolate reductase-thymidylate synthase [Plasmodium falciparum 3D7]
pdb|2O23|A	XP_001352100.1	26.693	93	251	1.64e-23	95.5	XP_001352100.1 3-oxoacyl-[acyl-carrier-protein] reductase [Plasmodium falciparum 3D7]
pdb|2O23|B	XP_001352100.1	26.693	93	251	1.64e-23	95.5	XP_001352100.1 3-oxoacyl-[acyl-carrier-protein] reductase [Plasmodium falciparum 3D7]
pdb|2W2I|A	XP_001349427.1	41.975	37	81	1.17e-15	77.0	XP_001349427.1 JmjC domain-containing protein, putative [Plasmodium falciparum 3D7]
pdb|2W2I|A	XP_001349427.1	40.385	37	52	1.44e-06	48.5	XP_001349427.1 JmjC domain-containing protein, putative [Plasmodium falciparum 3D7]
pdb|2WWY|A	XP_001348452.1	36.430	64	409	2.23e-70	245	XP_001348452.1 ADP-dependent DNA helicase RecQ [Plasmodium falciparum 3D7]
pdb|2WWY|A	XP_001352057.1	34.014	66	441	1.67e-68	234	XP_001352057.1 ATP-dependent DNA helicase Q1 [Plasmodium falciparum 3D7]
pdb|2WWY|A	XP_001351833.1	30.851	16	94	2.67e-08	55.1	XP_001351833.1 ATP-dependent RNA helicase DDX41, putative [Plasmodium falciparum 3D7]
pdb|2WWY|A	XP_001348829.1	27.778	15	90	1.32e-07	52.4	XP_001348829.1 eukaryotic initiation factor 4A [Plasmodium falciparum 3D7]
pdb|2WWY|A	XP_001348611.2	22.353	53	340	1.54e-07	52.4	XP_001348611.2 ATP-dependent RNA helicase DDX5, putative [Plasmodium falciparum 3D7]
pdb|3I06|A	XP_001347836.1	40.777	90	206	7.99e-43	148	XP_001347836.1 cysteine proteinase falcipain 2a [Plasmodium falciparum 3D7]
pdb|3I06|A	XP_001347832.1	39.806	90	206	8.82e-42	145	XP_001347832.1 cysteine proteinase falcipain 2b [Plasmodium falciparum 3D7]
pdb|3I06|A	XP_001347833.1	37.799	92	209	1.14e-37	135	XP_001347833.1 cysteine proteinase falcipain 3 [Plasmodium falciparum 3D7]
pdb|3I06|A	XP_001348727.1	31.718	93	227	4.55e-34	125	XP_001348727.1 cysteine proteinase falcipain 1 [Plasmodium falciparum 3D7]
pdb|3I06|A	XP_001351902.1	24.889	88	225	9.68e-13	65.1	XP_001351902.1 serine repeat antigen 9 [Plasmodium falciparum 3D7]
AAA29795.1	XP_001351807.1	26.984	48	315	4.68e-16	79.7	XP_001351807.1 acyl-CoA synthetase [Plasmodium falciparum 3D7]
AAA29795.1	XP_966180.1	20.469	64	469	1.24e-14	75.5	XP_966180.1 acyl-CoA synthetase [Plasmodium falciparum 3D7]
AAA29795.1	XP_966261.1	26.822	57	343	1.26e-13	72.4	XP_966261.1 acetyl-CoA synthetase, putative [Plasmodium falciparum 3D7]
AAA29795.1	XP_001350916.1	30.811	33	185	4.60e-13	70.5	XP_001350916.1 acyl-CoA synthetase [Plasmodium falciparum 3D7]
AAA29795.1	XP_001349208.1	28.141	35	199	1.39e-12	68.9	XP_001349208.1 acyl-CoA synthetase [Plasmodium falciparum 3D7]
AAA60529.1	XP_001350057.1	47.059	95	272	7.61e-91	279	XP_001350057.1 DNA-(apurinic or apyrimidinic site) lyase 1, putative [Plasmodium falciparum 3D7]
AAB59829.1	XP_001347450.1	23.614	40	415	2.16e-16	82.8	XP_001347450.1 DNA polymerase delta catalytic subunit [Plasmodium falciparum 3D7]
AAB59829.1	XP_001351430.1	25.130	35	386	1.13e-11	67.8	XP_001351430.1 DNA polymerase alpha catalytic subunit A [Plasmodium falciparum 3D7]
AAC35244.2	XP_024329017.1	45.509	97	501	1.67e-143	421	XP_024329017.1 thioredoxin reductase [Plasmodium falciparum 3D7]
AAC35244.2	XP_002808951.1	45.509	97	501	7.85e-143	422	XP_002808951.1 thioredoxin reductase [Plasmodium falciparum 3D7]
AAC35244.2	XP_001348365.1	32.842	86	475	6.25e-68	224	XP_001348365.1 glutathione reductase [Plasmodium falciparum 3D7]
AAC35244.2	XP_024329200.1	32.842	86	475	1.47e-67	224	XP_024329200.1 glutathione reductase [Plasmodium falciparum 3D7]
AAC35244.2	XP_001350716.2	28.039	95	510	4.99e-30	121	XP_001350716.2 dihydrolipoyl dehydrogenase, mitochondrial [Plasmodium falciparum 3D7]
AAC37594.1	XP_001351466.1	43.396	3	53	5.81e-08	56.2	XP_001351466.1 RING zinc finger protein, putative [Plasmodium falciparum 3D7]
AAC37594.1	XP_966256.1	34.483	3	58	5.95e-08	55.8	XP_966256.1 E3 ubiquitin-protein ligase RNF5, putative [Plasmodium falciparum 3D7]
AAC37594.1	XP_001350464.1	28.736	5	87	1.08e-07	55.5	XP_001350464.1 zinc finger protein, putative [Plasmodium falciparum 3D7]
AAC37594.1	XP_001347402.2	42.254	4	71	5.36e-07	53.1	XP_001347402.2 RING zinc finger protein, putative [Plasmodium falciparum 3D7]
AAC46381.1	XP_001351149.1	45.930	87	172	1.99e-48	160	XP_001351149.1 ATP-dependent Clp protease proteolytic subunit [Plasmodium falciparum 3D7]
AAC46381.1	XP_001348522.1	36.066	87	183	4.67e-30	109	XP_001348522.1 ATP-dependent Clp protease proteolytic subunit [Plasmodium falciparum 3D7]
AAC50996.1	XP_001351616.1	46.341	81	82	3.84e-23	84.0	XP_001351616.1 small ubiquitin-related modifier [Plasmodium falciparum 3D7]
AAC57158.1	XP_001347603.1	30.556	22	180	4.03e-15	78.2	XP_001347603.1 conserved Plasmodium protein, unknown function [Plasmodium falciparum 3D7]
AAC57158.1	XP_001347603.1	39.877	22	163	5.07e-13	71.6	XP_001347603.1 conserved Plasmodium protein, unknown function [Plasmodium falciparum 3D7]
AAC57158.1	XP_001347603.1	26.519	22	181	2.14e-12	69.3	XP_001347603.1 conserved Plasmodium protein, unknown function [Plasmodium falciparum 3D7]
AAC57158.1	XP_001347603.1	41.538	22	130	1.93e-11	66.2	XP_001347603.1 conserved Plasmodium protein, unknown function [Plasmodium falciparum 3D7]
AAC57158.1	XP_001347603.1	25.556	22	180	4.89e-11	65.1	XP_001347603.1 conserved Plasmodium protein, unknown function [Plasmodium falciparum 3D7]
AAC57158.1	XP_001347603.1	39.844	22	128	2.60e-10	62.8	XP_001347603.1 conserved Plasmodium protein, unknown function [Plasmodium falciparum 3D7]
AAC57158.1	XP_001347603.1	36.496	22	137	4.47e-09	58.9	XP_001347603.1 conserved Plasmodium protein, unknown function [Plasmodium falciparum 3D7]
AAC57158.1	XP_001347603.1	34.711	22	121	1.06e-06	51.2	XP_001347603.1 conserved Plasmodium protein, unknown function [Plasmodium falciparum 3D7]
AAC57158.1	XP_001349661.1	35.577	11	104	9.40e-11	63.5	XP_001349661.1 conserved Plasmodium protein, unknown function [Plasmodium falciparum 3D7]
AAC57158.1	XP_001349661.1	32.727	11	110	1.86e-06	50.1	XP_001349661.1 conserved Plasmodium protein, unknown function [Plasmodium falciparum 3D7]
AAC57158.1	XP_001348088.1	36.364	14	110	9.91e-11	64.7	XP_001348088.1 conserved Plasmodium protein, unknown function [Plasmodium falciparum 3D7]
AAC57158.1	XP_001348088.1	40.000	14	95	2.94e-10	63.2	XP_001348088.1 conserved Plasmodium protein, unknown function [Plasmodium falciparum 3D7]
AAC57158.1	XP_001348088.1	40.000	14	95	2.94e-10	63.2	XP_001348088.1 conserved Plasmodium protein, unknown function [Plasmodium falciparum 3D7]
AAC57158.1	XP_001348088.1	35.593	14	118	1.25e-09	61.2	XP_001348088.1 conserved Plasmodium protein, unknown function [Plasmodium falciparum 3D7]
AAC57158.1	XP_001348088.1	40.260	14	77	5.79e-07	52.4	XP_001348088.1 conserved Plasmodium protein, unknown function [Plasmodium falciparum 3D7]
AAC57158.1	XP_001348088.1	38.889	14	90	2.43e-06	50.4	XP_001348088.1 conserved Plasmodium protein, unknown function [Plasmodium falciparum 3D7]
AAC57158.1	XP_001347860.1	45.161	10	93	6.40e-10	62.0	XP_001347860.1 insulinase, putative [Plasmodium falciparum 3D7]
AAC57158.1	XP_001347860.1	42.735	10	117	2.50e-09	60.1	XP_001347860.1 insulinase, putative [Plasmodium falciparum 3D7]
AAC57158.1	XP_001347860.1	41.071	10	112	2.55e-08	57.0	XP_001347860.1 insulinase, putative [Plasmodium falciparum 3D7]
AAC57158.1	XP_001349872.1	22.043	16	186	3.75e-09	59.7	XP_001349872.1 conserved Plasmodium membrane protein, unknown function [Plasmodium falciparum 3D7]
AAC57158.1	XP_001349872.1	26.923	16	156	1.59e-08	57.4	XP_001349872.1 conserved Plasmodium membrane protein, unknown function [Plasmodium falciparum 3D7]
AAC57158.1	XP_001349872.1	30.928	16	97	1.81e-07	53.9	XP_001349872.1 conserved Plasmodium membrane protein, unknown function [Plasmodium falciparum 3D7]
AAC57158.1	XP_001349872.1	30.612	16	98	2.60e-07	53.5	XP_001349872.1 conserved Plasmodium membrane protein, unknown function [Plasmodium falciparum 3D7]
AAC63361.1	XP_001348452.1	35.874	28	446	4.99e-74	270	XP_001348452.1 ADP-dependent DNA helicase RecQ [Plasmodium falciparum 3D7]
AAC63361.1	XP_001352057.1	30.599	27	451	2.36e-53	199	XP_001352057.1 ATP-dependent DNA helicase Q1 [Plasmodium falciparum 3D7]
AAC63361.1	XP_001350990.2	36.429	10	140	9.48e-12	67.4	XP_001350990.2 3'-5' exonuclease, putative [Plasmodium falciparum 3D7]
AAC63361.1	XP_001351742.1	24.793	22	363	3.35e-10	63.2	XP_001351742.1 ATP-dependent RNA helicase DDX23, putative [Plasmodium falciparum 3D7]
AAC63361.1	XP_001351530.1	26.316	10	171	7.25e-10	61.2	XP_001351530.1 eukaryotic initiation factor 4A-III, putative [Plasmodium falciparum 3D7]
AAD14062.3	XP_001348998.1	69.118	100	68	3.30e-25	94.7	XP_001348998.1 heat shock protein 90 [Plasmodium falciparum 3D7]
AAD14062.3	XP_001350620.1	59.701	99	67	2.36e-19	78.2	XP_001350620.1 endoplasmin, putative [Plasmodium falciparum 3D7]
AAD14062.3	XP_001348591.1	54.762	62	42	1.69e-11	55.8	XP_001348591.1 heat shock protein 90, putative [Plasmodium falciparum 3D7]
AAD14062.3	XP_001347859.1	30.882	100	68	1.58e-06	41.6	XP_001347859.1 heat shock protein 90, putative [Plasmodium falciparum 3D7]
AAD17299.1	XP_001348542.1	42.781	100	187	1.13e-54	170	XP_001348542.1 thioredoxin peroxidase 1 [Plasmodium falciparum 3D7]
AAD17299.1	XP_001350554.1	44.444	96	180	2.74e-52	165	XP_001350554.1 thioredoxin peroxidase 2 [Plasmodium falciparum 3D7]
AAD17299.1	XP_001349492.1	32.215	77	149	1.51e-23	91.3	XP_001349492.1 1-cys peroxiredoxin [Plasmodium falciparum 3D7]
AAD31528.1	XP_001347848.1	26.134	97	463	1.69e-38	140	XP_001347848.1 ubiquitin carboxyl-terminal hydrolase UCH54 [Plasmodium falciparum 3D7]
AAD31528.1	XP_001348750.2	21.491	66	228	2.42e-12	63.9	XP_001348750.2 ubiquitin carboxyl-terminal hydrolase isozyme L3 [Plasmodium falciparum 3D7]
AAF04852.1	XP_002808807.1	27.027	10	111	2.50e-07	53.5	XP_002808807.1 sentrin-specific protease 2, putative [Plasmodium falciparum 3D7]
AAH00368.1	XP_001348694.1	44.776	96	469	1.55e-139	408	XP_001348694.1 6-phosphogluconate dehydrogenase, decarboxylating [Plasmodium falciparum 3D7]
AAH00750.4	XP_001350266.1	44.988	88	429	1.09e-131	394	XP_001350266.1 serine/threonine protein phosphatase 5 [Plasmodium falciparum 3D7]
AAH00750.4	XP_001348315.1	44.664	52	253	3.04e-68	219	XP_001348315.1 serine/threonine protein phosphatase PP1 [Plasmodium falciparum 3D7]
AAH00750.4	XP_001348398.1	37.342	62	316	1.00e-61	215	XP_001348398.1 serine/threonine protein phosphatase 7 [Plasmodium falciparum 3D7]
AAH00750.4	XP_001352147.1	41.739	47	230	6.62e-59	195	XP_001352147.1 serine/threonine protein phosphatase 4, putative [Plasmodium falciparum 3D7]
AAH00750.4	XP_001349486.1	38.079	59	302	7.99e-59	202	XP_001349486.1 serine/threonine protein phosphatase 2B catalytic subunit A [Plasmodium falciparum 3D7]
AAH09524.1	XP_001350391.1	35.106	99	94	4.15e-16	69.7	XP_001350391.1 26S proteasome regulatory subunit RPN11, putative [Plasmodium falciparum 3D7]
AAH10859.1	XP_002808883.1	29.352	96	494	2.00e-62	210	XP_002808883.1 protein disulfide isomerase [Plasmodium falciparum 3D7]
AAH10859.1	XP_001348868.1	20.293	83	478	2.13e-22	99.0	XP_001348868.1 protein disulfide-isomerase [Plasmodium falciparum 3D7]
AAH10859.1	XP_001348868.1	34.021	83	97	5.38e-15	75.9	XP_001348868.1 protein disulfide-isomerase [Plasmodium falciparum 3D7]
AAH10859.1	XP_001352065.1	19.905	78	422	4.16e-14	72.8	XP_001352065.1 protein disulfide isomerase [Plasmodium falciparum 3D7]
AAH10859.1	XP_001348023.1	35.514	41	107	4.97e-14	72.4	XP_001348023.1 protein disulfide isomerase [Plasmodium falciparum 3D7]
AAH10859.1	XP_001348023.1	33.636	41	110	1.20e-13	71.2	XP_001348023.1 protein disulfide isomerase [Plasmodium falciparum 3D7]
AAH10859.1	XP_001350237.1	37.179	31	78	9.49e-14	68.6	XP_001350237.1 thioredoxin-related protein, putative [Plasmodium falciparum 3D7]
AAH10859.1	XP_001350237.1	38.824	31	85	1.07e-11	62.8	XP_001350237.1 thioredoxin-related protein, putative [Plasmodium falciparum 3D7]
AAH17444.1	XP_001349577.1	23.780	32	164	2.56e-07	51.2	XP_001349577.1 adenylosuccinate lyase [Plasmodium falciparum 3D7]
AAH18745.1	XP_001350976.3	50.000	21	46	5.41e-06	45.1	XP_001350976.3 ubiquitin carboxyl-terminal hydrolase 1, putative [Plasmodium falciparum 3D7]
AAH19268.2	XP_001348416.1	49.508	87	305	5.50e-103	307	XP_001348416.1 protein arginine N-methyltransferase 1 [Plasmodium falciparum 3D7]
AAH19268.2	XP_001349411.1	29.076	82	368	1.10e-34	133	XP_001349411.1 histone-arginine methyltransferase CARM1, putative [Plasmodium falciparum 3D7]
AAH30775.1	XP_001349846.1	26.271	36	354	3.39e-23	104	XP_001349846.1 M1-family alanyl aminopeptidase [Plasmodium falciparum 3D7]
AAH32261.1	XP_002808813.1	40.000	86	80	2.98e-16	69.3	XP_002808813.1 alpha/beta hydrolase, putative [Plasmodium falciparum 3D7]
AAH32261.1	XP_024328885.1	28.571	69	63	2.93e-06	42.0	XP_024328885.1 alpha/beta hydrolase, putative [Plasmodium falciparum 3D7]
AAH33210.1	XP_001347497.1	28.333	31	180	1.74e-07	52.8	XP_001347497.1 PHAX domain-containing protein, putative [Plasmodium falciparum 3D7]
AAH33210.1	XP_002809011.1	24.667	27	150	7.91e-07	49.7	XP_002809011.1 ankyrin-repeat protein, putative [Plasmodium falciparum 3D7]
AAH33210.1	XP_002809011.1	37.179	27	78	9.76e-07	49.7	XP_002809011.1 ankyrin-repeat protein, putative [Plasmodium falciparum 3D7]
AAI13617.1	XP_001350502.1	25.000	9	172	1.29e-06	51.6	XP_001350502.1 telomere repeat-binding zinc finger protein [Plasmodium falciparum 3D7]
AAI29989.1	XP_002808807.1	29.565	10	115	2.94e-07	53.1	XP_002808807.1 sentrin-specific protease 2, putative [Plasmodium falciparum 3D7]
AAI36467.1	XP_001347417.2	37.158	21	183	2.22e-27	119	XP_001347417.2 phosphoinositide-specific phospholipase C [Plasmodium falciparum 3D7]
AAI36467.1	XP_001347417.2	38.542	21	96	8.92e-15	78.2	XP_001347417.2 phosphoinositide-specific phospholipase C [Plasmodium falciparum 3D7]
AAI36532.1	XP_001349258.1	29.560	49	159	2.00e-19	89.4	XP_001349258.1 receptor for activated c kinase [Plasmodium falciparum 3D7]
AAI36532.1	XP_001349258.1	24.765	49	319	7.24e-14	72.8	XP_001349258.1 receptor for activated c kinase [Plasmodium falciparum 3D7]
AAI36532.1	XP_001349258.1	26.432	49	227	1.07e-11	65.9	XP_001349258.1 receptor for activated c kinase [Plasmodium falciparum 3D7]
AAI36532.1	XP_001349258.1	23.045	49	243	9.63e-08	53.9	XP_001349258.1 receptor for activated c kinase [Plasmodium falciparum 3D7]
AAI36532.1	XP_001348138.1	19.797	52	591	3.01e-15	79.0	XP_001348138.1 ribosome assembly protein 4, putative [Plasmodium falciparum 3D7]
AAI36532.1	XP_001348138.1	29.167	52	192	2.32e-08	56.6	XP_001348138.1 ribosome assembly protein 4, putative [Plasmodium falciparum 3D7]
AAI36532.1	XP_001348138.1	21.366	52	454	1.07e-06	51.2	XP_001348138.1 ribosome assembly protein 4, putative [Plasmodium falciparum 3D7]
AAI36532.1	XP_001348138.1	35.135	52	74	2.39e-06	50.1	XP_001348138.1 ribosome assembly protein 4, putative [Plasmodium falciparum 3D7]
AAI36532.1	XP_001351933.1	26.136	14	176	2.46e-14	76.6	XP_001351933.1 coatomer subunit beta, putative [Plasmodium falciparum 3D7]
AAI36532.1	XP_001347545.1	26.616	37	263	2.98e-14	75.9	XP_001347545.1 cell division cycle protein 20 homolog, putative [Plasmodium falciparum 3D7]
AAI36532.1	XP_001347545.1	29.586	37	169	7.54e-10	61.6	XP_001347545.1 cell division cycle protein 20 homolog, putative [Plasmodium falciparum 3D7]
AAI36532.1	XP_001347545.1	30.675	37	163	1.84e-09	60.1	XP_001347545.1 cell division cycle protein 20 homolog, putative [Plasmodium falciparum 3D7]
AAI36532.1	XP_024328945.1	22.744	46	277	4.72e-14	75.1	XP_024328945.1 WD repeat-containing protein, putative [Plasmodium falciparum 3D7]
AAI36532.1	XP_024328945.1	23.390	46	295	8.58e-11	64.7	XP_024328945.1 WD repeat-containing protein, putative [Plasmodium falciparum 3D7]
AAI36532.1	XP_024328945.1	24.481	46	241	1.70e-07	53.9	XP_024328945.1 WD repeat-containing protein, putative [Plasmodium falciparum 3D7]
AAI42682.1	XP_001347417.2	34.409	28	186	7.28e-23	104	XP_001347417.2 phosphoinositide-specific phospholipase C [Plasmodium falciparum 3D7]
AAI42682.1	XP_001347417.2	35.976	28	164	1.11e-21	100	XP_001347417.2 phosphoinositide-specific phospholipase C [Plasmodium falciparum 3D7]
AAI51237.1	XP_002808828.1	24.648	18	142	1.87e-08	56.2	XP_002808828.1 conserved Plasmodium protein, unknown function [Plasmodium falciparum 3D7]
AAN35928.1	XP_001348015.1	100.000	100	622	0.0	1302	XP_001348015.1 apical membrane antigen 1 [Plasmodium falciparum 3D7]
ABD72211.1	XP_001350233.1	29.891	25	184	8.35e-22	101	XP_001350233.1 ABC transporter B family member 6, putative [Plasmodium falciparum 3D7]
ABD72211.1	XP_001350233.1	31.841	25	201	1.45e-16	84.0	XP_001350233.1 ABC transporter B family member 6, putative [Plasmodium falciparum 3D7]
ABD72211.1	XP_001348629.1	27.000	27	200	1.02e-21	100	XP_001348629.1 multidrug resistance protein 2 [Plasmodium falciparum 3D7]
ABD72211.1	XP_001348629.1	30.698	27	215	1.38e-18	90.5	XP_001348629.1 multidrug resistance protein 2 [Plasmodium falciparum 3D7]
ABD72211.1	XP_001351787.1	22.321	56	560	1.62e-18	90.5	XP_001351787.1 multidrug resistance protein 1 [Plasmodium falciparum 3D7]
ABD72211.1	XP_001351787.1	23.194	56	263	5.31e-16	82.4	XP_001351787.1 multidrug resistance protein 1 [Plasmodium falciparum 3D7]
ABD72211.1	XP_001351787.1	19.734	56	451	5.33e-10	62.8	XP_001351787.1 multidrug resistance protein 1 [Plasmodium falciparum 3D7]
ABD72211.1	XP_001351787.1	32.593	56	135	3.59e-09	60.1	XP_001351787.1 multidrug resistance protein 1 [Plasmodium falciparum 3D7]
ABD72211.1	XP_001351050.1	19.585	50	674	7.09e-17	85.5	XP_001351050.1 multidrug resistance-associated protein 1 [Plasmodium falciparum 3D7]
ABD72211.1	XP_001351050.1	30.488	50	164	8.91e-14	75.1	XP_001351050.1 multidrug resistance-associated protein 1 [Plasmodium falciparum 3D7]
ABD72211.1	XP_001350688.1	36.154	15	130	9.59e-16	81.6	XP_001350688.1 multidrug resistance-associated protein 2 [Plasmodium falciparum 3D7]
ABD72211.1	XP_001350688.1	33.010	15	103	7.97e-12	68.9	XP_001350688.1 multidrug resistance-associated protein 2 [Plasmodium falciparum 3D7]
ABD77215.1	XP_001350171.1	64.595	99	370	0.0	510	XP_001350171.1 isocitrate dehydrogenase [NADP], mitochondrial [Plasmodium falciparum 3D7]
ABH03417.1	XP_001349989.1	99.367	100	316	0.0	637	XP_001349989.1 L-lactate dehydrogenase [Plasmodium falciparum 3D7]
ABH03417.1	XP_001349992.1	42.997	95	307	6.88e-89	267	XP_001349992.1 lactate dehydrogenase, putative [Plasmodium falciparum 3D7]
ABH03417.1	XP_966170.1	40.391	97	307	2.76e-72	224	XP_966170.1 malate dehydrogenase [Plasmodium falciparum 3D7]
ABQ01243.1	XP_001348520.1	31.522	8	92	7.31e-08	55.1	XP_001348520.1 cGMP-dependent protein kinase [Plasmodium falciparum 3D7]
ADQ57959.1	XP_001350083.1	44.099	21	161	7.44e-11	65.1	XP_001350083.1 reticulocyte binding protein 2 homologue a [Plasmodium falciparum 3D7]
ADQ57959.1	XP_001350083.1	47.857	21	140	1.13e-10	64.7	XP_001350083.1 reticulocyte binding protein 2 homologue a [Plasmodium falciparum 3D7]
ADQ57959.1	XP_001350083.1	42.857	21	147	1.43e-07	54.3	XP_001350083.1 reticulocyte binding protein 2 homologue a [Plasmodium falciparum 3D7]
ADQ57959.1	XP_001350083.1	44.961	21	129	3.94e-06	49.7	XP_001350083.1 reticulocyte binding protein 2 homologue a [Plasmodium falciparum 3D7]
ADQ57959.1	XP_001350083.1	41.436	21	181	6.42e-06	48.9	XP_001350083.1 reticulocyte binding protein 2 homologue a [Plasmodium falciparum 3D7]
ADQ57959.1	XP_002808642.2	52.727	12	110	3.16e-10	63.2	XP_002808642.2 NYN domain-containing protein, putative [Plasmodium falciparum 3D7]
ADQ57959.1	XP_002808642.2	52.727	12	110	3.16e-10	63.2	XP_002808642.2 NYN domain-containing protein, putative [Plasmodium falciparum 3D7]
ADQ57959.1	XP_002808642.2	52.727	12	110	3.16e-10	63.2	XP_002808642.2 NYN domain-containing protein, putative [Plasmodium falciparum 3D7]
ADQ57959.1	XP_002808642.2	54.000	12	100	2.75e-08	56.6	XP_002808642.2 NYN domain-containing protein, putative [Plasmodium falciparum 3D7]
ADQ57959.1	XP_001350479.1	21.622	24	296	2.57e-08	57.0	XP_001350479.1 conserved Plasmodium protein, unknown function [Plasmodium falciparum 3D7]
ADQ57959.1	XP_001350479.1	23.445	24	209	1.11e-07	54.7	XP_001350479.1 conserved Plasmodium protein, unknown function [Plasmodium falciparum 3D7]
ADQ57959.1	XP_001350479.1	25.911	24	247	2.75e-07	53.5	XP_001350479.1 conserved Plasmodium protein, unknown function [Plasmodium falciparum 3D7]
ADQ57959.1	XP_001347860.1	41.935	9	93	1.13e-07	54.7	XP_001347860.1 insulinase, putative [Plasmodium falciparum 3D7]
ADQ57959.1	XP_001347860.1	43.478	9	92	7.85e-07	52.0	XP_001347860.1 insulinase, putative [Plasmodium falciparum 3D7]
ADQ57959.1	XP_001347860.1	44.086	9	93	3.14e-06	50.1	XP_001347860.1 insulinase, putative [Plasmodium falciparum 3D7]
ADQ57959.1	XP_001349505.1	20.158	22	253	4.22e-07	52.8	XP_001349505.1 Plasmodium exported protein (PHISTc), unknown function [Plasmodium falciparum 3D7]
BAA05005.1	XP_966180.1	23.670	55	376	1.47e-15	78.6	XP_966180.1 acyl-CoA synthetase [Plasmodium falciparum 3D7]
BAA05005.1	XP_001350782.1	25.568	54	352	9.41e-15	75.9	XP_001350782.1 acyl-CoA synthetase [Plasmodium falciparum 3D7]
BAA05005.1	XP_966261.1	25.562	59	356	5.10e-14	73.6	XP_966261.1 acetyl-CoA synthetase, putative [Plasmodium falciparum 3D7]
BAA05005.1	XP_001351807.1	23.810	51	336	3.16e-12	67.4	XP_001351807.1 acyl-CoA synthetase [Plasmodium falciparum 3D7]
BAA05005.1	XP_001350916.1	31.111	32	180	4.13e-11	63.9	XP_001350916.1 acyl-CoA synthetase [Plasmodium falciparum 3D7]
BAA25751.1	XP_001351113.1	25.581	45	215	2.52e-09	57.8	XP_001351113.1 IBR domain protein, putative [Plasmodium falciparum 3D7]
BAA25751.1	XP_001350369.1	30.556	15	72	1.34e-07	48.9	XP_001350369.1 ubiquitin-60S ribosomal protein L40 [Plasmodium falciparum 3D7]
BAA25751.1	XP_001350526.1	30.000	17	80	5.66e-07	49.7	XP_001350526.1 polyubiquitin [Plasmodium falciparum 3D7]
BAA25751.1	XP_001350526.1	30.000	17	80	5.66e-07	49.7	XP_001350526.1 polyubiquitin [Plasmodium falciparum 3D7]
BAA25751.1	XP_001350526.1	30.000	17	80	5.66e-07	49.7	XP_001350526.1 polyubiquitin [Plasmodium falciparum 3D7]
BAA25751.1	XP_001350526.1	30.000	17	80	5.66e-07	49.7	XP_001350526.1 polyubiquitin [Plasmodium falciparum 3D7]
BAA25751.1	XP_001350526.1	30.556	17	72	6.02e-07	49.7	XP_001350526.1 polyubiquitin [Plasmodium falciparum 3D7]
BAA25751.1	XP_001349866.1	30.189	11	53	2.18e-06	43.9	XP_001349866.1 ubiquitin-like protein nedd8 homologue, putative [Plasmodium falciparum 3D7]
BAA85004.1	XP_001350502.1	26.667	14	150	3.50e-06	49.7	XP_001350502.1 telomere repeat-binding zinc finger protein [Plasmodium falciparum 3D7]
CAA43985.1	XP_001350280.1	62.847	97	288	6.91e-130	369	XP_001350280.1 protein kinase 5 [Plasmodium falciparum 3D7]
CAA43985.1	XP_001351486.1	42.271	98	317	4.69e-79	251	XP_001351486.1 cdc2-related protein kinase 1 [Plasmodium falciparum 3D7]
CAA43985.1	XP_001347426.1	38.614	96	303	2.77e-67	211	XP_001347426.1 MO15-related protein kinase [Plasmodium falciparum 3D7]
CAA43985.1	XP_001350099.1	39.672	98	305	4.13e-63	200	XP_001350099.1 protein kinase 6 [Plasmodium falciparum 3D7]
CAA43985.1	XP_001348468.1	38.591	97	298	5.16e-61	206	XP_001348468.1 mitogen-activated protein kinase 1 [Plasmodium falciparum 3D7]
CAA52898.2	XP_966251.1	45.257	99	506	1.47e-140	412	XP_966251.1 pyruvate kinase [Plasmodium falciparum 3D7]
CAA52898.2	XP_001347647.1	32.509	91	283	6.29e-35	137	XP_001347647.1 pyruvate kinase 2 [Plasmodium falciparum 3D7]
CAA52898.2	XP_001347647.1	23.767	91	223	1.21e-16	81.3	XP_001347647.1 pyruvate kinase 2 [Plasmodium falciparum 3D7]
CAA81943.1	XP_001352189.1	26.761	83	284	5.47e-23	100	XP_001352189.1 M18 aspartyl aminopeptidase [Plasmodium falciparum 3D7]
CAA81943.1	XP_001352189.1	27.322	83	183	6.66e-12	66.2	XP_001352189.1 M18 aspartyl aminopeptidase [Plasmodium falciparum 3D7]
CAA84846.1	XP_966131.2	53.216	90	171	5.25e-52	163	XP_966131.2 60S ribosomal protein L19 [Plasmodium falciparum 3D7]
CAC24715.1	XP_001348685.1	64.381	99	977	0.0	1158	XP_001348685.1 glucose-6-phosphate dehydrogenase-6-phosphogluconolactonase [Plasmodium falciparum 3D7]
CAD53472.1	XP_001347526.2	25.490	20	153	1.21e-07	52.4	XP_001347526.2 exported protein 3 [Plasmodium falciparum 3D7]
CAD53472.1	XP_024328905.1	41.818	14	55	4.53e-06	47.4	XP_024328905.1 WD repeat-containing protein, putative [Plasmodium falciparum 3D7]
CAD53472.1	XP_024328905.1	41.818	14	55	4.53e-06	47.4	XP_024328905.1 WD repeat-containing protein, putative [Plasmodium falciparum 3D7]
CAD53472.1	XP_024328905.1	41.818	14	55	4.53e-06	47.4	XP_024328905.1 WD repeat-containing protein, putative [Plasmodium falciparum 3D7]
CAG33322.1	XP_001350280.1	60.069	99	288	1.66e-125	358	XP_001350280.1 protein kinase 5 [Plasmodium falciparum 3D7]
CAG33322.1	XP_001351486.1	38.978	100	313	2.37e-63	210	XP_001351486.1 cdc2-related protein kinase 1 [Plasmodium falciparum 3D7]
CAG33322.1	XP_001347426.1	40.339	95	295	1.22e-61	196	XP_001347426.1 MO15-related protein kinase [Plasmodium falciparum 3D7]
CAG33322.1	XP_001348468.1	37.000	99	300	3.08e-54	187	XP_001348468.1 mitogen-activated protein kinase 1 [Plasmodium falciparum 3D7]
CAG33322.1	XP_001350099.1	35.314	99	303	3.75e-53	174	XP_001350099.1 protein kinase 6 [Plasmodium falciparum 3D7]
CAG38738.1	XP_001350171.1	64.179	97	402	0.0	551	XP_001350171.1 isocitrate dehydrogenase [NADP], mitochondrial [Plasmodium falciparum 3D7]
CAI16307.1	XP_001347832.1	36.181	82	199	4.36e-30	114	XP_001347832.1 cysteine proteinase falcipain 2b [Plasmodium falciparum 3D7]
CAI16307.1	XP_001347833.1	37.949	79	195	5.00e-30	114	XP_001347833.1 cysteine proteinase falcipain 3 [Plasmodium falciparum 3D7]
CAI16307.1	XP_001347836.1	36.500	82	200	3.97e-29	112	XP_001347836.1 cysteine proteinase falcipain 2a [Plasmodium falciparum 3D7]
CAI16307.1	XP_001348727.1	30.244	80	205	6.19e-22	92.0	XP_001348727.1 cysteine proteinase falcipain 1 [Plasmodium falciparum 3D7]
CAL20848.1	XP_001350185.1	23.464	65	358	3.15e-15	78.2	XP_001350185.1 DNA topoisomerase 3, putative [Plasmodium falciparum 3D7]
CAL20848.1	XP_001350185.1	23.651	65	241	1.44e-06	50.4	XP_001350185.1 DNA topoisomerase 3, putative [Plasmodium falciparum 3D7]
CAQ07474.1	XP_001347387.2	28.846	20	156	1.00e-15	74.7	XP_001347387.2 ankyrin-repeat protein, putative [Plasmodium falciparum 3D7]
CAQ07474.1	XP_001347387.2	22.759	20	145	1.76e-07	50.8	XP_001347387.2 ankyrin-repeat protein, putative [Plasmodium falciparum 3D7]
CAQ07474.1	XP_001347387.2	21.186	20	118	1.48e-06	48.1	XP_001347387.2 ankyrin-repeat protein, putative [Plasmodium falciparum 3D7]
CAQ07474.1	XP_001349960.1	34.375	13	160	1.70e-15	80.5	XP_001349960.1 histone-lysine N-methyltransferase SET2 [Plasmodium falciparum 3D7]
CAQ07474.1	XP_966279.2	34.247	12	146	2.40e-15	80.1	XP_966279.2 SET domain protein, putative [Plasmodium falciparum 3D7]
CAQ07474.1	XP_001349248.1	31.410	12	156	2.40e-15	80.1	XP_001349248.1 SET domain protein, putative [Plasmodium falciparum 3D7]
CAQ07474.1	XP_001348396.1	23.368	22	291	1.42e-14	76.6	XP_001348396.1 ankyrin-repeat protein, putative [Plasmodium falciparum 3D7]
CAQ08732.1	XP_001352050.1	65.038	99	655	0.0	844	XP_001352050.1 heat shock protein 70 [Plasmodium falciparum 3D7]
CAQ08732.1	XP_024329068.1	62.117	99	652	0.0	812	XP_024329068.1 heat shock protein 70 [Plasmodium falciparum 3D7]
CAQ08732.1	XP_001349336.1	64.754	93	610	0.0	789	XP_001349336.1 heat shock protein 70 [Plasmodium falciparum 3D7]
CAQ08732.1	XP_001348022.1	51.876	93	613	0.0	601	XP_001348022.1 heat shock protein 70 [Plasmodium falciparum 3D7]
CAQ08732.1	XP_001349002.1	28.842	58	423	2.73e-44	168	XP_001349002.1 heat shock protein 110 [Plasmodium falciparum 3D7]
CCE37082.1	XP_966078.1	25.995	95	427	9.42e-33	126	XP_966078.1 ornithine aminotransferase [Plasmodium falciparum 3D7]
CDO16711.1	XP_001351646.1	41.121	60	107	9.50e-30	108	XP_001351646.1 single-stranded DNA-binding protein [Plasmodium falciparum 3D7]
DAA06693.1	XP_001350495.1	38.462	70	65	2.07e-11	53.1	XP_001350495.1 mitochondrial import inner membrane translocase subunit TIM10, putative [Plasmodium falciparum 3D7]
EAW58811.1	XP_001347729.1	46.813	32	502	1.19e-132	446	XP_001347729.1 chromatin remodeling protein [Plasmodium falciparum 3D7]
EAW58811.1	XP_001349665.1	48.571	35	420	2.07e-118	411	XP_001349665.1 DEAD/DEAH box helicase, putative [Plasmodium falciparum 3D7]
EAW58811.1	XP_001349665.1	47.518	35	141	6.41e-34	141	XP_001349665.1 DEAD/DEAH box helicase, putative [Plasmodium falciparum 3D7]
EAW58811.1	XP_001347516.1	40.808	30	495	8.81e-103	364	XP_001347516.1 chromodomain-helicase-DNA-binding protein 1 homolog, putative [Plasmodium falciparum 3D7]
EAW58811.1	XP_002808863.1	40.584	30	308	1.79e-70	260	XP_002808863.1 Snf2-related CBP activator, putative [Plasmodium falciparum 3D7]
EAW58811.1	XP_002808863.1	40.361	30	166	3.10e-32	135	XP_002808863.1 Snf2-related CBP activator, putative [Plasmodium falciparum 3D7]
EAW58811.1	XP_966228.1	27.235	35	481	2.12e-34	143	XP_966228.1 SNF2 helicase, putative [Plasmodium falciparum 3D7]
EAW58811.1	XP_966228.1	44.720	35	161	2.80e-33	139	XP_966228.1 SNF2 helicase, putative [Plasmodium falciparum 3D7]
EAX06134.1	XP_001347497.1	26.337	24	243	1.04e-07	54.7	XP_001347497.1 PHAX domain-containing protein, putative [Plasmodium falciparum 3D7]
EAX06134.1	XP_002809011.1	24.667	15	150	7.80e-07	50.8	XP_002809011.1 ankyrin-repeat protein, putative [Plasmodium falciparum 3D7]
EAX06134.1	XP_002809011.1	37.179	15	78	1.04e-06	50.4	XP_002809011.1 ankyrin-repeat protein, putative [Plasmodium falciparum 3D7]
EGV99105.1	XP_966163.1	73.810	88	126	7.44e-64	189	XP_966163.1 histone H2A [Plasmodium falciparum 3D7]
EGV99105.1	XP_001351279.1	64.423	72	104	2.67e-38	125	XP_001351279.1 histone H2A.Z [Plasmodium falciparum 3D7]
NP_000048.1	XP_001352057.1	36.943	30	471	5.81e-76	266	XP_001352057.1 ATP-dependent DNA helicase Q1 [Plasmodium falciparum 3D7]
NP_000048.1	XP_001348452.1	36.028	28	433	4.03e-67	248	XP_001348452.1 ADP-dependent DNA helicase RecQ [Plasmodium falciparum 3D7]
NP_000048.1	XP_001350668.1	27.350	8	117	1.14e-13	74.3	XP_001350668.1 DNA helicase 60 [Plasmodium falciparum 3D7]
NP_000048.1	XP_001351645.1	24.496	23	347	4.48e-12	69.3	XP_001351645.1 pre-mRNA-processing ATP-dependent RNA helicase PRP5, putative [Plasmodium falciparum 3D7]
NP_000048.1	XP_001351278.1	27.465	10	142	1.39e-10	63.5	XP_001351278.1 ATP-dependent RNA helicase DDX6 [Plasmodium falciparum 3D7]
NP_000153.1	XP_966222.1	28.125	95	480	5.41e-46	165	XP_966222.1 hexokinase [Plasmodium falciparum 3D7]
NP_000262.2	XP_001351007.1	34.911	30	169	3.15e-19	92.8	XP_001351007.1 Niemann-Pick type C1-related protein [Plasmodium falciparum 3D7]
NP_000262.2	XP_001351007.1	24.359	30	234	1.01e-11	68.2	XP_001351007.1 Niemann-Pick type C1-related protein [Plasmodium falciparum 3D7]
NP_000483.3	XP_001350233.1	29.891	25	184	8.35e-22	101	XP_001350233.1 ABC transporter B family member 6, putative [Plasmodium falciparum 3D7]
NP_000483.3	XP_001350233.1	31.841	25	201	1.45e-16	84.0	XP_001350233.1 ABC transporter B family member 6, putative [Plasmodium falciparum 3D7]
NP_000483.3	XP_001348629.1	27.000	27	200	1.02e-21	100	XP_001348629.1 multidrug resistance protein 2 [Plasmodium falciparum 3D7]
NP_000483.3	XP_001348629.1	30.698	27	215	1.38e-18	90.5	XP_001348629.1 multidrug resistance protein 2 [Plasmodium falciparum 3D7]
NP_000483.3	XP_001351787.1	22.321	56	560	1.62e-18	90.5	XP_001351787.1 multidrug resistance protein 1 [Plasmodium falciparum 3D7]
NP_000483.3	XP_001351787.1	23.194	56	263	5.31e-16	82.4	XP_001351787.1 multidrug resistance protein 1 [Plasmodium falciparum 3D7]
NP_000483.3	XP_001351787.1	19.734	56	451	5.33e-10	62.8	XP_001351787.1 multidrug resistance protein 1 [Plasmodium falciparum 3D7]
NP_000483.3	XP_001351787.1	32.593	56	135	3.59e-09	60.1	XP_001351787.1 multidrug resistance protein 1 [Plasmodium falciparum 3D7]
NP_000483.3	XP_001351050.1	19.585	50	674	7.09e-17	85.5	XP_001351050.1 multidrug resistance-associated protein 1 [Plasmodium falciparum 3D7]
NP_000483.3	XP_001351050.1	30.488	50	164	8.91e-14	75.1	XP_001351050.1 multidrug resistance-associated protein 1 [Plasmodium falciparum 3D7]
NP_000483.3	XP_001350688.1	36.154	15	130	9.59e-16	81.6	XP_001350688.1 multidrug resistance-associated protein 2 [Plasmodium falciparum 3D7]
NP_000483.3	XP_001350688.1	33.010	15	103	7.97e-12	68.9	XP_001350688.1 multidrug resistance-associated protein 2 [Plasmodium falciparum 3D7]
NP_000782.1	XP_001351479.1	29.703	92	202	5.63e-20	85.1	XP_001351479.1 bifunctional dihydrofolate reductase-thymidylate synthase [Plasmodium falciparum 3D7]
NP_000851.2	XP_001352100.1	32.673	72	202	5.63e-23	94.0	XP_001352100.1 3-oxoacyl-[acyl-carrier-protein] reductase [Plasmodium falciparum 3D7]
NP_000851.2	XP_966244.1	24.658	53	146	2.88e-07	49.3	XP_966244.1 oxidoreductase, short-chain dehydrogenase family, putative [Plasmodium falciparum 3D7]
NP_000897.3	XP_001350316.2	31.276	21	243	5.77e-24	108	XP_001350316.2 guanylyl cyclase beta [Plasmodium falciparum 3D7]
NP_000897.3	XP_001350316.2	28.342	21	187	6.85e-15	78.2	XP_001350316.2 guanylyl cyclase beta [Plasmodium falciparum 3D7]
NP_000897.3	XP_001348065.1	32.227	21	211	2.36e-19	93.2	XP_001348065.1 guanylyl cyclase [Plasmodium falciparum 3D7]
NP_000897.3	XP_001348065.1	46.429	21	84	3.38e-15	79.3	XP_001348065.1 guanylyl cyclase [Plasmodium falciparum 3D7]
NP_000897.3	XP_001348065.1	31.068	21	103	2.22e-09	60.5	XP_001348065.1 guanylyl cyclase [Plasmodium falciparum 3D7]
NP_000897.3	XP_001349623.1	29.577	20	213	1.13e-15	80.5	XP_001349623.1 tyrosine kinase-like protein, putative [Plasmodium falciparum 3D7]
NP_000897.3	XP_966220.1	22.449	23	245	4.70e-07	52.8	XP_966220.1 tyrosine kinase-like protein, putative [Plasmodium falciparum 3D7]
NP_000897.3	XP_001350783.1	25.714	16	175	3.35e-06	49.3	XP_001350783.1 protein kinase 2 [Plasmodium falciparum 3D7]
NP_000918.2	XP_001351787.1	29.100	98	1433	5.13e-179	566	XP_001351787.1 multidrug resistance protein 1 [Plasmodium falciparum 3D7]
NP_000918.2	XP_001351787.1	29.296	98	611	9.79e-62	230	XP_001351787.1 multidrug resistance protein 1 [Plasmodium falciparum 3D7]
NP_000918.2	XP_001348629.1	44.534	60	247	8.50e-63	231	XP_001348629.1 multidrug resistance protein 2 [Plasmodium falciparum 3D7]
NP_000918.2	XP_001348629.1	31.123	60	543	3.40e-60	223	XP_001348629.1 multidrug resistance protein 2 [Plasmodium falciparum 3D7]
NP_000918.2	XP_001350233.1	37.383	34	214	2.40e-41	164	XP_001350233.1 ABC transporter B family member 6, putative [Plasmodium falciparum 3D7]
NP_000918.2	XP_001350233.1	34.722	34	216	2.35e-39	157	XP_001350233.1 ABC transporter B family member 6, putative [Plasmodium falciparum 3D7]
NP_000918.2	XP_001348133.2	30.142	38	282	2.93e-30	127	XP_001348133.2 ABC transporter B family member 3, putative [Plasmodium falciparum 3D7]
NP_000918.2	XP_001348133.2	32.558	38	215	1.61e-29	125	XP_001348133.2 ABC transporter B family member 3, putative [Plasmodium falciparum 3D7]
NP_000918.2	XP_001350508.1	25.918	81	490	7.83e-25	110	XP_001350508.1 ABC transporter B family member 7, putative [Plasmodium falciparum 3D7]
NP_000918.2	XP_001350508.1	24.755	81	408	9.54e-20	94.0	XP_001350508.1 ABC transporter B family member 7, putative [Plasmodium falciparum 3D7]
NP_000918.2	XP_001350508.1	38.983	81	118	6.52e-18	88.2	XP_001350508.1 ABC transporter B family member 7, putative [Plasmodium falciparum 3D7]
NP_000918.2	XP_001350508.1	35.484	81	124	4.15e-17	85.5	XP_001350508.1 ABC transporter B family member 7, putative [Plasmodium falciparum 3D7]
NP_001008709.1	XP_001348315.1	81.613	91	310	0.0	540	XP_001348315.1 serine/threonine protein phosphatase PP1 [Plasmodium falciparum 3D7]
NP_001008709.1	XP_001352147.1	45.387	79	271	6.96e-87	262	XP_001352147.1 serine/threonine protein phosphatase 4, putative [Plasmodium falciparum 3D7]
NP_001008709.1	XP_001352124.1	45.588	78	272	3.72e-85	263	XP_001352124.1 protein phosphatase-beta [Plasmodium falciparum 3D7]
NP_001008709.1	XP_001351213.1	45.000	81	280	2.84e-81	248	XP_001351213.1 serine/threonine protein phosphatase 6, putative [Plasmodium falciparum 3D7]
NP_001008709.1	XP_001348804.1	41.692	87	331	2.37e-71	236	XP_001348804.1 protein phosphatase containing kelch-like domains [Plasmodium falciparum 3D7]
NP_001032418.1	XP_001349954.1	33.333	32	243	6.09e-38	150	XP_001349954.1 3',5'-cyclic nucleotide phosphodiesterase beta [Plasmodium falciparum 3D7]
NP_001032418.1	XP_002809026.1	33.735	33	249	7.69e-33	134	XP_002809026.1 cGMP-specific 3',5'-cyclic phosphodiesterase gamma, putative [Plasmodium falciparum 3D7]
NP_001032418.1	XP_024329151.1	28.736	44	348	1.77e-30	127	XP_024329151.1 cGMP-specific 3',5'-cyclic phosphodiesterase alpha [Plasmodium falciparum 3D7]
NP_001032418.1	XP_001350504.2	28.736	44	348	5.13e-30	125	XP_001350504.2 cGMP-specific 3',5'-cyclic phosphodiesterase alpha [Plasmodium falciparum 3D7]
NP_001032418.1	XP_001348846.2	29.126	27	206	1.03e-19	92.4	XP_001348846.2 cGMP-specific 3',5'-cyclic phosphodiesterase delta [Plasmodium falciparum 3D7]
NP_001041666.1	XP_001350369.1	40.541	9	74	1.09e-07	49.7	XP_001350369.1 ubiquitin-60S ribosomal protein L40 [Plasmodium falciparum 3D7]
NP_001041666.1	XP_001350526.1	40.541	9	74	1.20e-06	49.7	XP_001350526.1 polyubiquitin [Plasmodium falciparum 3D7]
NP_001041666.1	XP_001350526.1	40.541	9	74	1.20e-06	49.7	XP_001350526.1 polyubiquitin [Plasmodium falciparum 3D7]
NP_001041666.1	XP_001350526.1	40.541	9	74	1.20e-06	49.7	XP_001350526.1 polyubiquitin [Plasmodium falciparum 3D7]
NP_001041666.1	XP_001350526.1	40.541	9	74	1.20e-06	49.7	XP_001350526.1 polyubiquitin [Plasmodium falciparum 3D7]
NP_001041666.1	XP_001350526.1	40.541	9	74	1.20e-06	49.7	XP_001350526.1 polyubiquitin [Plasmodium falciparum 3D7]
NP_001069826.1	XP_001350628.1	41.463	74	287	6.36e-68	219	XP_001350628.1 cAMP-dependent protein kinase regulatory subunit [Plasmodium falciparum 3D7]
NP_001069826.1	XP_001348520.1	33.571	75	280	4.27e-43	158	XP_001348520.1 cGMP-dependent protein kinase [Plasmodium falciparum 3D7]
NP_001069826.1	XP_001348520.1	32.727	75	110	6.61e-14	71.6	XP_001348520.1 cGMP-dependent protein kinase [Plasmodium falciparum 3D7]
NP_001069826.1	XP_001348520.1	20.849	75	259	2.11e-12	67.0	XP_001348520.1 cGMP-dependent protein kinase [Plasmodium falciparum 3D7]
NP_001120700.1	XP_001350607.1	39.394	33	66	4.67e-07	47.0	XP_001350607.1 heterochromatin protein 1 [Plasmodium falciparum 3D7]
NP_001136020.1	XP_001349480.1	38.404	76	401	2.90e-82	283	XP_001349480.1 DNA repair and recombination protein RAD54, putative [Plasmodium falciparum 3D7]
NP_001136020.1	XP_001349480.1	53.977	76	176	9.18e-57	208	XP_001349480.1 DNA repair and recombination protein RAD54, putative [Plasmodium falciparum 3D7]
NP_001136020.1	XP_001347516.1	30.902	68	521	7.97e-64	230	XP_001347516.1 chromodomain-helicase-DNA-binding protein 1 homolog, putative [Plasmodium falciparum 3D7]
NP_001136020.1	XP_001347729.1	31.124	67	498	1.36e-62	226	XP_001347729.1 chromatin remodeling protein [Plasmodium falciparum 3D7]
NP_001136020.1	XP_002808863.1	28.909	66	339	1.09e-30	128	XP_002808863.1 Snf2-related CBP activator, putative [Plasmodium falciparum 3D7]
NP_001136020.1	XP_002808863.1	34.641	66	153	1.46e-26	115	XP_002808863.1 Snf2-related CBP activator, putative [Plasmodium falciparum 3D7]
NP_001136020.1	XP_001349665.1	28.125	66	416	4.82e-30	126	XP_001349665.1 DEAD/DEAH box helicase, putative [Plasmodium falciparum 3D7]
NP_001136020.1	XP_001349665.1	35.632	66	87	1.24e-13	73.6	XP_001349665.1 DEAD/DEAH box helicase, putative [Plasmodium falciparum 3D7]
NP_001167549.1	XP_001347729.1	46.016	31	502	1.27e-129	438	XP_001347729.1 chromatin remodeling protein [Plasmodium falciparum 3D7]
NP_001167549.1	XP_001349665.1	48.333	35	420	1.79e-119	415	XP_001349665.1 DEAD/DEAH box helicase, putative [Plasmodium falciparum 3D7]
NP_001167549.1	XP_001349665.1	44.737	35	152	1.51e-33	140	XP_001349665.1 DEAD/DEAH box helicase, putative [Plasmodium falciparum 3D7]
NP_001167549.1	XP_001347516.1	40.606	30	495	8.32e-104	368	XP_001347516.1 chromodomain-helicase-DNA-binding protein 1 homolog, putative [Plasmodium falciparum 3D7]
NP_001167549.1	XP_002808863.1	40.909	29	308	9.36e-71	261	XP_002808863.1 Snf2-related CBP activator, putative [Plasmodium falciparum 3D7]
NP_001167549.1	XP_002808863.1	39.412	29	170	7.79e-32	134	XP_002808863.1 Snf2-related CBP activator, putative [Plasmodium falciparum 3D7]
NP_001167549.1	XP_966228.1	46.584	33	161	4.21e-35	145	XP_966228.1 SNF2 helicase, putative [Plasmodium falciparum 3D7]
NP_001167549.1	XP_966228.1	28.302	33	477	5.56e-35	145	XP_966228.1 SNF2 helicase, putative [Plasmodium falciparum 3D7]
NP_001234925.1	XP_024328998.1	43.396	9	106	1.08e-22	101	XP_024328998.1 ADP-ribosylation factor GTPase-activating protein, putative [Plasmodium falciparum 3D7]
NP_001234925.1	XP_002808714.1	43.396	9	106	1.10e-22	101	XP_002808714.1 ADP-ribosylation factor GTPase-activating protein, putative [Plasmodium falciparum 3D7]
NP_001234925.1	XP_001350832.1	38.636	7	88	6.62e-13	69.7	XP_001350832.1 ADP-ribosylation factor GTPase-activating protein [Plasmodium falciparum 3D7]
NP_001234925.1	XP_001349468.1	44.231	5	52	7.52e-11	64.3	XP_001349468.1 GTPase-activating protein, putative [Plasmodium falciparum 3D7]
NP_001308829.1	XP_001350083.1	33.621	20	116	5.26e-07	51.2	XP_001350083.1 reticulocyte binding protein 2 homologue a [Plasmodium falciparum 3D7]
NP_001308829.1	XP_001350083.1	33.913	20	115	1.79e-06	49.7	XP_001350083.1 reticulocyte binding protein 2 homologue a [Plasmodium falciparum 3D7]
NP_001308829.1	XP_001350083.1	35.780	20	109	4.02e-06	48.5	XP_001350083.1 reticulocyte binding protein 2 homologue a [Plasmodium falciparum 3D7]
NP_001308829.1	XP_001350083.1	35.135	20	111	5.15e-06	48.1	XP_001350083.1 reticulocyte binding protein 2 homologue a [Plasmodium falciparum 3D7]
NP_001610.2	XP_001350854.1	39.416	39	274	2.27e-53	194	XP_001350854.1 RAC-beta serine/threonine protein kinase [Plasmodium falciparum 3D7]
NP_001610.2	XP_001348520.1	34.459	43	296	7.23e-44	167	XP_001348520.1 cGMP-dependent protein kinase [Plasmodium falciparum 3D7]
NP_001610.2	XP_001352213.1	29.245	46	318	1.57e-37	141	XP_001352213.1 cAMP-dependent protein kinase catalytic subunit [Plasmodium falciparum 3D7]
NP_001610.2	XP_002808713.1	30.677	36	251	1.99e-25	105	XP_002808713.1 NIMA related kinase 2 [Plasmodium falciparum 3D7]
NP_001610.2	XP_001349078.1	33.929	32	224	2.08e-24	105	XP_001349078.1 calcium-dependent protein kinase 4 [Plasmodium falciparum 3D7]
NP_002037.2	XP_001348772.1	64.286	99	336	1.61e-160	450	XP_001348772.1 glyceraldehyde-3-phosphate dehydrogenase [Plasmodium falciparum 3D7]
NP_002060.4	XP_001347487.1	30.928	27	97	1.56e-07	49.3	XP_001347487.1 ADP-ribosylation factor [Plasmodium falciparum 3D7]
NP_002256.2	XP_001349372.1	30.455	95	857	7.15e-109	353	XP_001349372.1 importin subunit beta, putative [Plasmodium falciparum 3D7]
NP_002256.2	XP_966260.1	28.249	18	177	3.93e-14	75.1	XP_966260.1 transportin [Plasmodium falciparum 3D7]
NP_002559.2	XP_001350640.1	56.746	75	252	9.65e-92	301	XP_001350640.1 polyadenylate-binding protein 1, putative [Plasmodium falciparum 3D7]
NP_002559.2	XP_001350640.1	53.061	75	147	2.83e-38	150	XP_001350640.1 polyadenylate-binding protein 1, putative [Plasmodium falciparum 3D7]
NP_002559.2	XP_001350640.1	32.090	75	268	3.28e-35	140	XP_001350640.1 polyadenylate-binding protein 1, putative [Plasmodium falciparum 3D7]
NP_002559.2	XP_001350640.1	43.089	75	123	5.22e-21	96.3	XP_001350640.1 polyadenylate-binding protein 1, putative [Plasmodium falciparum 3D7]
NP_002559.2	XP_001350640.1	28.936	75	235	2.63e-19	90.9	XP_001350640.1 polyadenylate-binding protein 1, putative [Plasmodium falciparum 3D7]
NP_002559.2	XP_001350640.1	68.966	75	58	1.40e-13	72.4	XP_001350640.1 polyadenylate-binding protein 1, putative [Plasmodium falciparum 3D7]
NP_002559.2	XP_001350640.1	42.045	75	88	5.78e-13	70.5	XP_001350640.1 polyadenylate-binding protein 1, putative [Plasmodium falciparum 3D7]
NP_002559.2	XP_001350640.1	24.096	75	166	9.30e-11	63.5	XP_001350640.1 polyadenylate-binding protein 1, putative [Plasmodium falciparum 3D7]
NP_002559.2	XP_001350640.1	32.051	75	78	3.74e-07	51.6	XP_001350640.1 polyadenylate-binding protein 1, putative [Plasmodium falciparum 3D7]
NP_002559.2	XP_001348367.1	33.702	57	181	7.71e-24	103	XP_001348367.1 splicing factor 3B subunit 4, putative [Plasmodium falciparum 3D7]
NP_002559.2	XP_001348367.1	30.732	57	205	2.95e-19	89.7	XP_001348367.1 splicing factor 3B subunit 4, putative [Plasmodium falciparum 3D7]
NP_002559.2	XP_001348367.1	32.000	57	175	9.16e-18	84.7	XP_001348367.1 splicing factor 3B subunit 4, putative [Plasmodium falciparum 3D7]
NP_002559.2	XP_024328979.1	27.237	52	257	2.63e-17	82.8	XP_024328979.1 RNA-binding protein, putative [Plasmodium falciparum 3D7]
NP_002559.2	XP_024328979.1	29.046	52	241	2.71e-16	79.7	XP_024328979.1 RNA-binding protein, putative [Plasmodium falciparum 3D7]
NP_002559.2	XP_001349956.1	33.520	58	179	1.55e-14	75.5	XP_001349956.1 splicing factor 1 [Plasmodium falciparum 3D7]
NP_002559.2	XP_001349956.1	30.055	58	183	3.05e-09	58.5	XP_001349956.1 splicing factor 1 [Plasmodium falciparum 3D7]
NP_002559.2	XP_001349956.1	30.337	58	89	6.03e-07	51.2	XP_001349956.1 splicing factor 1 [Plasmodium falciparum 3D7]
NP_002559.2	XP_001349956.1	29.651	58	172	1.03e-06	50.4	XP_001349956.1 splicing factor 1 [Plasmodium falciparum 3D7]
NP_002559.2	XP_001349292.1	23.214	57	224	5.88e-13	68.2	XP_001349292.1 RNA-binding protein, putative [Plasmodium falciparum 3D7]
NP_002559.2	XP_001349292.1	32.323	57	99	2.31e-08	54.3	XP_001349292.1 RNA-binding protein, putative [Plasmodium falciparum 3D7]
NP_002559.2	XP_001349292.1	33.735	57	83	2.45e-06	48.1	XP_001349292.1 RNA-binding protein, putative [Plasmodium falciparum 3D7]
NP_002727.2	XP_001350628.1	38.047	71	297	6.10e-60	199	XP_001350628.1 cAMP-dependent protein kinase regulatory subunit [Plasmodium falciparum 3D7]
NP_002727.2	XP_001348520.1	28.369	67	282	4.09e-29	118	XP_001348520.1 cGMP-dependent protein kinase [Plasmodium falciparum 3D7]
NP_002727.2	XP_001348520.1	21.673	67	263	3.93e-08	53.9	XP_001348520.1 cGMP-dependent protein kinase [Plasmodium falciparum 3D7]
NP_002736.3	XP_001348468.1	43.182	84	308	2.61e-77	253	XP_001348468.1 mitogen-activated protein kinase 1 [Plasmodium falciparum 3D7]
NP_002736.3	XP_001347818.1	37.105	90	380	2.91e-71	229	XP_001347818.1 mitogen-activated protein kinase 2 [Plasmodium falciparum 3D7]
NP_002736.3	XP_001350280.1	39.597	81	298	1.38e-61	197	XP_001350280.1 protein kinase 5 [Plasmodium falciparum 3D7]
NP_002736.3	XP_001351486.1	36.778	85	329	3.38e-54	187	XP_001351486.1 cdc2-related protein kinase 1 [Plasmodium falciparum 3D7]
NP_002736.3	XP_001350099.1	34.228	79	298	4.24e-49	166	XP_001350099.1 protein kinase 6 [Plasmodium falciparum 3D7]
NP_003271.1	XP_001348497.1	50.336	93	149	2.96e-46	146	XP_001348497.1 calmodulin [Plasmodium falciparum 3D7]
NP_003271.1	XP_001348497.1	50.000	93	50	3.72e-08	48.5	XP_001348497.1 calmodulin [Plasmodium falciparum 3D7]
NP_003271.1	XP_001351001.1	39.610	95	154	6.88e-29	102	XP_001351001.1 centrin-1 [Plasmodium falciparum 3D7]
NP_003271.1	XP_024329101.1	33.108	92	148	2.05e-18	76.3	XP_024329101.1 centrin-3 [Plasmodium falciparum 3D7]
NP_003271.1	XP_001347555.2	33.108	92	148	2.10e-18	76.3	XP_001347555.2 centrin-3 [Plasmodium falciparum 3D7]
NP_003271.1	XP_001350105.1	34.641	94	153	7.41e-16	72.0	XP_001350105.1 calcium-dependent protein kinase 5 [Plasmodium falciparum 3D7]
NP_003339.1	XP_001351827.1	67.333	99	150	1.44e-73	215	XP_001351827.1 ubiquitin-conjugating enzyme E2 N, putative [Plasmodium falciparum 3D7]
NP_003339.1	XP_001350447.1	48.252	94	143	1.49e-45	144	XP_001350447.1 ubiquitin-conjugating enzyme E2 [Plasmodium falciparum 3D7]
NP_003339.1	XP_001350274.1	46.853	93	143	3.46e-41	135	XP_001350274.1 ubiquitin-conjugating enzyme E2, putative [Plasmodium falciparum 3D7]
NP_003339.1	XP_001351263.1	45.217	76	115	4.55e-34	115	XP_001351263.1 ubiquitin-conjugating enzyme E2, putative [Plasmodium falciparum 3D7]
NP_003339.1	XP_001349399.1	43.802	80	121	5.69e-34	115	XP_001349399.1 ubiquitin-conjugating enzyme E2, putative [Plasmodium falciparum 3D7]
NP_003812.1	XP_001349623.1	28.058	49	278	1.57e-17	84.7	XP_001349623.1 tyrosine kinase-like protein, putative [Plasmodium falciparum 3D7]
NP_003812.1	XP_002808713.1	28.638	39	213	7.71e-16	76.6	XP_002808713.1 NIMA related kinase 2 [Plasmodium falciparum 3D7]
NP_003812.1	XP_966220.1	26.939	45	245	1.06e-14	75.9	XP_966220.1 tyrosine kinase-like protein, putative [Plasmodium falciparum 3D7]
NP_003812.1	XP_001350206.1	26.549	40	226	3.65e-12	67.8	XP_001350206.1 tyrosine kinase-like protein [Plasmodium falciparum 3D7]
NP_003812.1	XP_001350854.1	25.822	39	213	1.14e-11	65.9	XP_001350854.1 RAC-beta serine/threonine protein kinase [Plasmodium falciparum 3D7]
NP_003874.2	XP_001352127.1	54.612	95	412	6.20e-166	472	XP_001352127.1 histone deacetylase 1 [Plasmodium falciparum 3D7]
NP_003874.2	XP_001347363.1	26.957	26	115	2.38e-06	48.5	XP_001347363.1 histone deacetylase 2 [Plasmodium falciparum 3D7]
NP_003896.1	XP_001350655.1	28.481	28	158	4.73e-10	60.8	XP_001350655.1 ubiquitin-activating enzyme E1 [Plasmodium falciparum 3D7]
NP_003896.1	XP_001350063.1	22.892	31	166	5.27e-07	51.2	XP_001350063.1 ubiquitin-activating enzyme [Plasmodium falciparum 3D7]
NP_003896.1	XP_002809076.1	22.989	30	174	1.17e-06	49.7	XP_002809076.1 ubiquitin-activating enzyme E1, putative [Plasmodium falciparum 3D7]
NP_003896.1	XP_001348124.1	27.500	29	160	5.84e-06	47.0	XP_001348124.1 SUMO-activating enzyme subunit 1 [Plasmodium falciparum 3D7]
NP_003960.1	XP_001350839.1	38.686	75	137	3.23e-25	94.0	XP_001350839.1 NEDD8-conjugating enzyme UBC12, putative [Plasmodium falciparum 3D7]
NP_003960.1	XP_001351263.1	32.432	80	148	5.08e-25	93.6	XP_001351263.1 ubiquitin-conjugating enzyme E2, putative [Plasmodium falciparum 3D7]
NP_003960.1	XP_001349399.1	31.081	80	148	2.86e-24	91.7	XP_001349399.1 ubiquitin-conjugating enzyme E2, putative [Plasmodium falciparum 3D7]
NP_003960.1	XP_001350447.1	34.783	73	138	3.01e-24	91.3	XP_001350447.1 ubiquitin-conjugating enzyme E2 [Plasmodium falciparum 3D7]
NP_003960.1	XP_001350274.1	29.577	76	142	5.64e-23	89.4	XP_001350274.1 ubiquitin-conjugating enzyme E2, putative [Plasmodium falciparum 3D7]
NP_003986.2	XP_001350316.2	32.389	21	247	4.26e-24	108	XP_001350316.2 guanylyl cyclase beta [Plasmodium falciparum 3D7]
NP_003986.2	XP_001350316.2	30.851	21	188	6.83e-17	84.7	XP_001350316.2 guanylyl cyclase beta [Plasmodium falciparum 3D7]
NP_003986.2	XP_001348065.1	33.491	22	212	2.90e-21	99.4	XP_001348065.1 guanylyl cyclase [Plasmodium falciparum 3D7]
NP_003986.2	XP_001348065.1	46.429	22	84	6.33e-16	81.6	XP_001348065.1 guanylyl cyclase [Plasmodium falciparum 3D7]
NP_003986.2	XP_001348065.1	31.068	22	103	1.99e-09	60.5	XP_001348065.1 guanylyl cyclase [Plasmodium falciparum 3D7]
NP_003986.2	XP_001349623.1	30.417	23	240	3.73e-16	82.0	XP_001349623.1 tyrosine kinase-like protein, putative [Plasmodium falciparum 3D7]
NP_003986.2	XP_001349887.1	24.545	21	220	3.75e-09	58.2	XP_001349887.1 serine/threonine protein kinase PK9 [Plasmodium falciparum 3D7]
NP_003986.2	XP_001348690.1	25.822	20	213	4.08e-08	55.8	XP_001348690.1 SNF1-related serine/threonine protein kinase KIN [Plasmodium falciparum 3D7]
NP_003989.2	XP_001347497.1	26.337	24	243	1.04e-07	54.7	XP_001347497.1 PHAX domain-containing protein, putative [Plasmodium falciparum 3D7]
NP_003989.2	XP_002809011.1	24.667	15	150	7.80e-07	50.8	XP_002809011.1 ankyrin-repeat protein, putative [Plasmodium falciparum 3D7]
NP_003989.2	XP_002809011.1	37.179	15	78	1.04e-06	50.4	XP_002809011.1 ankyrin-repeat protein, putative [Plasmodium falciparum 3D7]
NP_004095.4	XP_966246.2	23.284	15	408	1.65e-12	70.9	XP_966246.2 3-oxoacyl-acyl-carrier protein synthase I/II [Plasmodium falciparum 3D7]
NP_004102.1	XP_001351399.1	44.836	99	397	1.05e-116	352	XP_001351399.1 flap endonuclease 1 [Plasmodium falciparum 3D7]
NP_004102.1	XP_001349570.1	25.094	94	267	4.42e-21	94.0	XP_001349570.1 DNA repair protein RAD2, putative [Plasmodium falciparum 3D7]
NP_004102.1	XP_001349570.1	25.000	94	152	1.85e-07	51.6	XP_001349570.1 DNA repair protein RAD2, putative [Plasmodium falciparum 3D7]
NP_004102.1	XP_001347365.1	33.813	37	139	4.29e-19	86.3	XP_001347365.1 endonuclease, putative [Plasmodium falciparum 3D7]
NP_004102.1	XP_001349153.1	25.581	54	215	3.85e-11	63.2	XP_001349153.1 exonuclease I, putative [Plasmodium falciparum 3D7]
NP_004196.4	XP_001351920.1	31.061	42	264	8.10e-29	121	XP_001351920.1 ubiquitin specific protease, putative [Plasmodium falciparum 3D7]
NP_004196.4	XP_001351724.1	35.829	54	187	1.10e-25	111	XP_001351724.1 ubiquitin carboxyl-terminal hydrolase 2, putative [Plasmodium falciparum 3D7]
NP_004196.4	XP_001351724.1	35.032	54	157	9.80e-23	101	XP_001351724.1 ubiquitin carboxyl-terminal hydrolase 2, putative [Plasmodium falciparum 3D7]
NP_004196.4	XP_001351346.1	24.332	54	374	1.86e-17	83.2	XP_001351346.1 ubiquitin specific protease, putative [Plasmodium falciparum 3D7]
NP_004196.4	XP_001350976.3	21.814	62	408	1.06e-11	66.6	XP_001350976.3 ubiquitin carboxyl-terminal hydrolase 1, putative [Plasmodium falciparum 3D7]
NP_004196.4	XP_001349907.1	27.928	18	111	7.38e-09	57.0	XP_001349907.1 U4/U6.U5 tri-snRNP-associated protein 2, putative [Plasmodium falciparum 3D7]
NP_004242.1	XP_002808912.1	47.525	99	202	2.26e-68	206	XP_002808912.1 ras-related protein RAB7 [Plasmodium falciparum 3D7]
NP_004242.1	XP_001351683.1	37.129	98	202	1.56e-40	135	XP_001351683.1 ras-related protein Rab-1B [Plasmodium falciparum 3D7]
NP_004242.1	XP_001349945.1	33.333	97	210	2.77e-35	122	XP_001349945.1 ras-related protein Rab-11A [Plasmodium falciparum 3D7]
NP_004242.1	XP_001351696.1	35.751	96	193	1.11e-34	120	XP_001351696.1 ras-related protein Rab-1A [Plasmodium falciparum 3D7]
NP_004242.1	XP_001350706.1	37.931	86	174	1.37e-34	120	XP_001350706.1 ras-related protein Rab-2 [Plasmodium falciparum 3D7]
NP_004520.2	XP_024328953.1	35.000	20	120	2.72e-12	65.1	XP_024328953.1 YEATS domain-containing protein, putative [Plasmodium falciparum 3D7]
NP_004949.1	XP_001351710.1	24.896	9	241	7.99e-11	66.6	XP_001351710.1 phosphatidylinositol 3-kinase [Plasmodium falciparum 3D7]
NP_004949.1	XP_002808664.2	35.714	3	84	1.47e-06	52.4	XP_002808664.2 phosphatidylinositol 4-kinase, putative [Plasmodium falciparum 3D7]
NP_004949.1	XP_001351656.1	23.237	9	241	2.50e-06	51.6	XP_001351656.1 phosphatidylinositol 4-kinase [Plasmodium falciparum 3D7]
NP_004960.2	XP_001347897.1	26.337	22	243	1.14e-10	64.3	XP_001347897.1 peptidase M16, putative [Plasmodium falciparum 3D7]
NP_004960.2	XP_001352201.1	21.939	19	196	1.43e-06	50.4	XP_001352201.1 mitochondrial-processing peptidase subunit beta, putative [Plasmodium falciparum 3D7]
NP_005021.2	XP_001350854.1	30.802	39	237	1.23e-36	144	XP_001350854.1 RAC-beta serine/threonine protein kinase [Plasmodium falciparum 3D7]
NP_005021.2	XP_024328937.1	33.588	42	262	4.52e-35	137	XP_024328937.1 calcium-dependent protein kinase 2 [Plasmodium falciparum 3D7]
NP_005021.2	XP_001349078.1	32.685	41	257	7.41e-35	137	XP_001349078.1 calcium-dependent protein kinase 4 [Plasmodium falciparum 3D7]
NP_005021.2	XP_001349887.1	31.538	42	260	8.65e-34	130	XP_001349887.1 serine/threonine protein kinase PK9 [Plasmodium falciparum 3D7]
NP_005021.2	XP_002808713.1	30.855	43	269	1.95e-33	127	XP_002808713.1 NIMA related kinase 2 [Plasmodium falciparum 3D7]
NP_005148.2	XP_024328937.1	30.418	22	263	6.52e-23	102	XP_024328937.1 calcium-dependent protein kinase 2 [Plasmodium falciparum 3D7]
NP_005148.2	XP_001349680.1	31.579	18	228	4.35e-20	93.6	XP_001349680.1 calcium-dependent protein kinase 1 [Plasmodium falciparum 3D7]
NP_005148.2	XP_966220.1	23.984	21	246	3.54e-18	89.4	XP_966220.1 tyrosine kinase-like protein, putative [Plasmodium falciparum 3D7]
NP_005148.2	XP_001352213.1	28.302	18	212	3.60e-18	85.9	XP_001352213.1 cAMP-dependent protein kinase catalytic subunit [Plasmodium falciparum 3D7]
NP_005148.2	XP_001348690.1	30.233	18	215	3.64e-18	88.6	XP_001348690.1 SNF1-related serine/threonine protein kinase KIN [Plasmodium falciparum 3D7]
NP_005253.3	XP_001351032.1	38.542	47	96	2.99e-22	86.7	XP_001351032.1 FAD-linked sulfhydryl oxidase ERV1, putative [Plasmodium falciparum 3D7]
NP_005339.3	XP_001348998.1	64.400	98	750	0.0	947	XP_001348998.1 heat shock protein 90 [Plasmodium falciparum 3D7]
NP_005339.3	XP_001350620.1	38.421	99	760	9.90e-173	514	XP_001350620.1 endoplasmin, putative [Plasmodium falciparum 3D7]
NP_005339.3	XP_001348591.1	35.705	94	745	3.80e-150	459	XP_001348591.1 heat shock protein 90, putative [Plasmodium falciparum 3D7]
NP_005339.3	XP_001347859.1	29.522	91	481	2.84e-51	191	XP_001347859.1 heat shock protein 90, putative [Plasmodium falciparum 3D7]
NP_005339.3	XP_001347859.1	33.086	91	269	4.49e-39	154	XP_001347859.1 heat shock protein 90, putative [Plasmodium falciparum 3D7]
NP_005680.1	XP_001348629.1	34.345	72	626	1.14e-114	372	XP_001348629.1 multidrug resistance protein 2 [Plasmodium falciparum 3D7]
NP_005680.1	XP_001350233.1	39.013	59	223	2.86e-51	193	XP_001350233.1 ABC transporter B family member 6, putative [Plasmodium falciparum 3D7]
NP_005680.1	XP_001350233.1	30.909	59	275	4.65e-28	120	XP_001350233.1 ABC transporter B family member 6, putative [Plasmodium falciparum 3D7]
NP_005680.1	XP_001351787.1	32.812	30	320	3.78e-41	162	XP_001351787.1 multidrug resistance protein 1 [Plasmodium falciparum 3D7]
NP_005680.1	XP_001351787.1	31.090	30	312	1.07e-39	157	XP_001351787.1 multidrug resistance protein 1 [Plasmodium falciparum 3D7]
NP_005680.1	XP_001348133.2	29.464	26	224	3.09e-30	126	XP_001348133.2 ABC transporter B family member 3, putative [Plasmodium falciparum 3D7]
NP_005680.1	XP_001351101.1	34.615	28	130	9.31e-21	96.7	XP_001351101.1 ABC transporter B family member 4, putative [Plasmodium falciparum 3D7]
NP_005680.1	XP_001351101.1	27.434	28	113	3.11e-06	49.3	XP_001351101.1 ABC transporter B family member 4, putative [Plasmodium falciparum 3D7]
NP_005924.2	XP_966279.2	50.000	10	150	1.04e-37	156	XP_966279.2 SET domain protein, putative [Plasmodium falciparum 3D7]
NP_005924.2	XP_966279.2	24.444	10	270	8.76e-14	77.0	XP_966279.2 SET domain protein, putative [Plasmodium falciparum 3D7]
NP_005924.2	XP_001349960.1	35.338	3	133	6.35e-16	84.0	XP_001349960.1 histone-lysine N-methyltransferase SET2 [Plasmodium falciparum 3D7]
NP_005924.2	XP_001349248.1	33.083	3	133	3.17e-09	62.0	XP_001349248.1 SET domain protein, putative [Plasmodium falciparum 3D7]
NP_006316.1	XP_001347854.1	70.588	94	204	7.54e-109	310	XP_001347854.1 GTP-binding nuclear protein RAN/TC4 [Plasmodium falciparum 3D7]
NP_006316.1	XP_001350706.1	35.404	73	161	5.93e-28	103	XP_001350706.1 ras-related protein Rab-2 [Plasmodium falciparum 3D7]
NP_006316.1	XP_001351683.1	34.783	73	161	8.76e-28	102	XP_001351683.1 ras-related protein Rab-1B [Plasmodium falciparum 3D7]
NP_006316.1	XP_001348128.2	31.953	77	169	1.08e-27	102	XP_001348128.2 ras-related protein Rab-6 [Plasmodium falciparum 3D7]
NP_006316.1	XP_002808912.1	31.792	76	173	7.71e-27	100	XP_002808912.1 ras-related protein RAB7 [Plasmodium falciparum 3D7]
NP_006333.1	XP_001350083.1	25.658	18	152	8.28e-08	54.7	XP_001350083.1 reticulocyte binding protein 2 homologue a [Plasmodium falciparum 3D7]
NP_006828.2	XP_001350391.1	38.806	58	201	6.26e-37	133	XP_001350391.1 26S proteasome regulatory subunit RPN11, putative [Plasmodium falciparum 3D7]
NP_015090.1	XP_001351750.1	53.846	87	143	3.60e-52	162	XP_001351750.1 V-type proton ATPase 16 kDa proteolipid subunit [Plasmodium falciparum 3D7]
NP_015090.1	XP_001350256.1	30.435	87	161	8.61e-13	61.6	XP_001350256.1 V-type proton ATPase 21 kDa proteolipid subunit, putative [Plasmodium falciparum 3D7]
NP_035230.1	XP_001352213.1	50.489	87	307	8.14e-113	330	XP_001352213.1 cAMP-dependent protein kinase catalytic subunit [Plasmodium falciparum 3D7]
NP_035230.1	XP_001350854.1	45.361	82	291	8.64e-81	259	XP_001350854.1 RAC-beta serine/threonine protein kinase [Plasmodium falciparum 3D7]
NP_035230.1	XP_001348520.1	40.214	79	281	6.64e-73	240	XP_001348520.1 cGMP-dependent protein kinase [Plasmodium falciparum 3D7]
NP_035230.1	XP_001348690.1	31.128	72	257	1.30e-42	155	XP_001348690.1 SNF1-related serine/threonine protein kinase KIN [Plasmodium falciparum 3D7]
NP_035230.1	XP_024328937.1	34.025	66	241	2.44e-39	144	XP_024328937.1 calcium-dependent protein kinase 2 [Plasmodium falciparum 3D7]
NP_036611.2	XP_002808856.1	58.333	95	240	9.78e-96	280	XP_002808856.1 14-3-3 protein [Plasmodium falciparum 3D7]
NP_036611.2	XP_002809097.1	23.176	94	233	1.49e-14	69.7	XP_002809097.1 14-3-3 protein [Plasmodium falciparum 3D7]
NP_036923.1	XP_001347827.2	36.681	30	229	7.24e-37	146	XP_001347827.2 serine/threonine protein kinase, putative [Plasmodium falciparum 3D7]
NP_036923.1	XP_001351197.1	30.659	45	349	3.05e-34	134	XP_001351197.1 glycogen synthase kinase 3 [Plasmodium falciparum 3D7]
NP_036923.1	XP_001348605.1	26.801	42	347	1.26e-32	134	XP_001348605.1 protein serine/threonine kinase-1 [Plasmodium falciparum 3D7]
NP_036923.1	XP_001350280.1	30.030	43	333	1.74e-26	108	XP_001350280.1 protein kinase 5 [Plasmodium falciparum 3D7]
NP_036923.1	XP_001348468.1	27.401	44	354	1.55e-25	111	XP_001348468.1 mitogen-activated protein kinase 1 [Plasmodium falciparum 3D7]
NP_037457.3	XP_001348344.1	28.662	38	157	3.96e-08	53.9	XP_001348344.1 cysteine protease ATG4, putative [Plasmodium falciparum 3D7]
NP_055369.1	XP_001350733.2	37.209	31	215	1.49e-33	135	XP_001350733.2 SUMO-specific protease 1 [Plasmodium falciparum 3D7]
NP_057090.2	XP_001351090.1	25.926	74	270	7.98e-14	70.5	XP_001351090.1 epoxide hydrolase 1 [Plasmodium falciparum 3D7]
NP_059990.2	XP_002809011.1	34.211	13	114	8.48e-12	66.2	XP_002809011.1 ankyrin-repeat protein, putative [Plasmodium falciparum 3D7]
NP_059990.2	XP_001347612.1	34.127	15	126	2.28e-11	65.5	XP_001347612.1 bromodomain protein 1 [Plasmodium falciparum 3D7]
NP_059990.2	XP_001350607.1	46.667	5	45	1.76e-06	48.9	XP_001350607.1 heterochromatin protein 1 [Plasmodium falciparum 3D7]
NP_059990.2	XP_001347387.2	25.714	12	105	3.11e-06	46.6	XP_001347387.2 ankyrin-repeat protein, putative [Plasmodium falciparum 3D7]
NP_059990.2	XP_001348396.1	28.972	12	107	9.14e-06	47.8	XP_001348396.1 ankyrin-repeat protein, putative [Plasmodium falciparum 3D7]
NP_063937.2	XP_001351197.1	52.059	70	340	1.11e-128	379	XP_001351197.1 glycogen synthase kinase 3 [Plasmodium falciparum 3D7]
NP_063937.2	XP_001348468.1	32.143	60	308	5.88e-47	172	XP_001348468.1 mitogen-activated protein kinase 1 [Plasmodium falciparum 3D7]
NP_063937.2	XP_001350280.1	32.558	59	301	3.17e-44	155	XP_001350280.1 protein kinase 5 [Plasmodium falciparum 3D7]
NP_063937.2	XP_001351486.1	31.132	60	318	8.22e-43	159	XP_001351486.1 cdc2-related protein kinase 1 [Plasmodium falciparum 3D7]
NP_063937.2	XP_024328970.1	31.210	60	314	8.80e-42	150	XP_024328970.1 protein kinase, putative [Plasmodium falciparum 3D7]
NP_065390.1	XP_001347868.1	29.703	32	101	2.60e-08	53.1	XP_001347868.1 acyl-CoA-binding protein, putative [Plasmodium falciparum 3D7]
NP_065390.1	XP_001347497.1	26.380	50	163	1.97e-07	50.8	XP_001347497.1 PHAX domain-containing protein, putative [Plasmodium falciparum 3D7]
NP_065390.1	XP_001348396.1	26.866	41	134	3.91e-06	46.6	XP_001348396.1 ankyrin-repeat protein, putative [Plasmodium falciparum 3D7]
NP_066368.2	XP_024329095.1	30.263	20	76	7.50e-06	46.6	XP_024329095.1 zinc finger protein, putative [Plasmodium falciparum 3D7]
NP_066564.2	XP_001349291.2	46.802	41	344	1.15e-89	308	XP_001349291.2 histone acetyltransferase GCN5 [Plasmodium falciparum 3D7]
NP_066564.2	XP_001348898.1	32.000	12	100	3.80e-09	58.5	XP_001348898.1 bromodomain protein, putative [Plasmodium falciparum 3D7]
NP_066564.2	XP_001350735.1	31.169	9	77	1.50e-06	50.4	XP_001350735.1 bromodomain protein, putative [Plasmodium falciparum 3D7]
NP_066564.2	XP_001347612.1	28.000	12	100	7.35e-06	47.8	XP_001347612.1 bromodomain protein 1 [Plasmodium falciparum 3D7]
NP_067021.1	XP_001351716.1	30.857	65	175	7.81e-27	104	XP_001351716.1 NLI interacting factor-like phosphatase, putative [Plasmodium falciparum 3D7]
NP_067021.1	XP_001349166.1	34.746	43	118	1.64e-14	71.2	XP_001349166.1 mitochondrial import inner membrane translocase subunit TIM50, putative [Plasmodium falciparum 3D7]
NP_079406.4	XP_966222.1	31.343	96	469	7.89e-49	179	XP_966222.1 hexokinase [Plasmodium falciparum 3D7]
NP_079406.4	XP_966222.1	28.903	96	474	5.34e-44	165	XP_966222.1 hexokinase [Plasmodium falciparum 3D7]
NP_112168.1	XP_001350105.1	37.589	55	282	4.46e-51	181	XP_001350105.1 calcium-dependent protein kinase 5 [Plasmodium falciparum 3D7]
NP_112168.1	XP_024328937.1	35.897	53	273	5.68e-51	180	XP_024328937.1 calcium-dependent protein kinase 2 [Plasmodium falciparum 3D7]
NP_112168.1	XP_001349078.1	37.456	54	283	1.17e-49	177	XP_001349078.1 calcium-dependent protein kinase 4 [Plasmodium falciparum 3D7]
NP_112168.1	XP_001351174.1	35.943	54	281	6.88e-49	175	XP_001351174.1 calcium-dependent protein kinase 3 [Plasmodium falciparum 3D7]
NP_112168.1	XP_001349680.1	36.301	54	292	4.74e-48	172	XP_001349680.1 calcium-dependent protein kinase 1 [Plasmodium falciparum 3D7]
NP_414973.1	XP_001348320.1	27.123	70	424	1.36e-49	187	XP_001348320.1 ATP-dependent protease, putative [Plasmodium falciparum 3D7]
NP_414973.1	XP_001348320.1	35.762	70	151	4.97e-24	107	XP_001348320.1 ATP-dependent protease, putative [Plasmodium falciparum 3D7]
NP_417104.1	XP_001347929.2	31.429	69	140	8.29e-17	75.1	XP_001347929.2 GrpE protein homolog, mitochondrial, putative [Plasmodium falciparum 3D7]
NP_492143.1	XP_966218.1	33.333	27	123	1.39e-14	74.3	XP_966218.1 transcription or splicing factor-like protein, putative [Plasmodium falciparum 3D7]
NP_659558.1	XP_001350832.1	37.681	33	138	8.88e-26	105	XP_001350832.1 ADP-ribosylation factor GTPase-activating protein [Plasmodium falciparum 3D7]
NP_659558.1	XP_001349468.1	43.363	27	113	1.47e-23	100	XP_001349468.1 GTPase-activating protein, putative [Plasmodium falciparum 3D7]
NP_659558.1	XP_024328998.1	60.417	12	48	7.64e-15	74.3	XP_024328998.1 ADP-ribosylation factor GTPase-activating protein, putative [Plasmodium falciparum 3D7]
NP_659558.1	XP_002808714.1	60.417	12	48	7.65e-15	74.3	XP_002808714.1 ADP-ribosylation factor GTPase-activating protein, putative [Plasmodium falciparum 3D7]
NP_872270.1	XP_966251.1	44.732	94	503	3.82e-140	413	XP_966251.1 pyruvate kinase [Plasmodium falciparum 3D7]
NP_872270.1	XP_001347647.1	32.168	87	286	1.42e-40	154	XP_001347647.1 pyruvate kinase 2 [Plasmodium falciparum 3D7]
NP_872270.1	XP_001347647.1	29.204	87	226	3.68e-24	105	XP_001347647.1 pyruvate kinase 2 [Plasmodium falciparum 3D7]
NP_987096.1	XP_001350158.1	27.941	46	272	9.06e-23	101	XP_001350158.1 kelch protein K13 [Plasmodium falciparum 3D7]
NP_987096.1	XP_001350158.1	31.765	46	170	1.37e-19	91.3	XP_001350158.1 kelch protein K13 [Plasmodium falciparum 3D7]
NP_987096.1	XP_001350158.1	38.519	46	135	2.65e-17	84.3	XP_001350158.1 kelch protein K13 [Plasmodium falciparum 3D7]
NP_987096.1	XP_001350158.1	27.228	46	202	5.85e-13	70.1	XP_001350158.1 kelch protein K13 [Plasmodium falciparum 3D7]
NP_987096.1	XP_001350158.1	23.780	46	164	5.77e-06	47.8	XP_001350158.1 kelch protein K13 [Plasmodium falciparum 3D7]
NP_987096.1	XP_024328891.1	30.457	44	197	7.73e-19	87.8	XP_024328891.1 kelch domain-containing protein, putative [Plasmodium falciparum 3D7]
NP_987096.1	XP_024328891.1	23.790	44	248	5.04e-14	72.8	XP_024328891.1 kelch domain-containing protein, putative [Plasmodium falciparum 3D7]
NP_987096.1	XP_024328891.1	22.156	44	167	2.00e-07	52.0	XP_024328891.1 kelch domain-containing protein, putative [Plasmodium falciparum 3D7]
NP_988635.1	XP_001351273.1	39.015	96	528	9.28e-121	364	XP_001351273.1 T-complex protein 1 subunit epsilon [Plasmodium falciparum 3D7]
NP_988635.1	XP_001350691.1	35.741	95	526	5.29e-113	345	XP_001350691.1 T-complex protein 1 subunit gamma [Plasmodium falciparum 3D7]
NP_988635.1	XP_001351157.1	36.832	95	524	2.97e-107	330	XP_001351157.1 T-complex protein 1 subunit eta [Plasmodium falciparum 3D7]
NP_988635.1	XP_002809084.1	34.449	92	508	1.59e-105	325	XP_002809084.1 T-complex protein 1 subunit delta [Plasmodium falciparum 3D7]
NP_988635.1	XP_001348002.1	35.755	93	523	2.69e-105	325	XP_001348002.1 T-complex protein 1 subunit alpha [Plasmodium falciparum 3D7]
NP_997461.1	XP_001352213.1	55.000	85	220	4.84e-86	258	XP_001352213.1 cAMP-dependent protein kinase catalytic subunit [Plasmodium falciparum 3D7]
NP_997461.1	XP_001350854.1	50.704	82	213	3.44e-73	235	XP_001350854.1 RAC-beta serine/threonine protein kinase [Plasmodium falciparum 3D7]
NP_997461.1	XP_001348520.1	43.318	84	217	3.71e-63	210	XP_001348520.1 cGMP-dependent protein kinase [Plasmodium falciparum 3D7]
NP_997461.1	XP_024328937.1	34.597	80	211	1.02e-37	137	XP_024328937.1 calcium-dependent protein kinase 2 [Plasmodium falciparum 3D7]
NP_997461.1	XP_001348690.1	30.332	81	211	4.24e-35	131	XP_001348690.1 SNF1-related serine/threonine protein kinase KIN [Plasmodium falciparum 3D7]
sp|O15438.3|MRP3_HUMAN	XP_001348629.1	31.780	44	236	5.56e-32	134	XP_001348629.1 multidrug resistance protein 2 [Plasmodium falciparum 3D7]
sp|O15438.3|MRP3_HUMAN	XP_001348629.1	22.669	44	472	1.63e-24	110	XP_001348629.1 multidrug resistance protein 2 [Plasmodium falciparum 3D7]
sp|O15438.3|MRP3_HUMAN	XP_001350233.1	33.133	23	166	2.28e-27	119	XP_001350233.1 ABC transporter B family member 6, putative [Plasmodium falciparum 3D7]
sp|O15438.3|MRP3_HUMAN	XP_001350233.1	26.923	23	208	2.23e-15	80.1	XP_001350233.1 ABC transporter B family member 6, putative [Plasmodium falciparum 3D7]
sp|O15438.3|MRP3_HUMAN	XP_001351787.1	28.832	25	274	8.15e-26	114	XP_001351787.1 multidrug resistance protein 1 [Plasmodium falciparum 3D7]
sp|O15438.3|MRP3_HUMAN	XP_001351787.1	28.302	25	265	4.51e-25	112	XP_001351787.1 multidrug resistance protein 1 [Plasmodium falciparum 3D7]
sp|O15438.3|MRP3_HUMAN	XP_001351787.1	30.818	25	159	3.93e-12	69.7	XP_001351787.1 multidrug resistance protein 1 [Plasmodium falciparum 3D7]
sp|O15438.3|MRP3_HUMAN	XP_001351787.1	28.571	25	98	1.29e-06	51.6	XP_001351787.1 multidrug resistance protein 1 [Plasmodium falciparum 3D7]
sp|O15438.3|MRP3_HUMAN	XP_001351050.1	17.867	67	750	2.68e-19	93.6	XP_001351050.1 multidrug resistance-associated protein 1 [Plasmodium falciparum 3D7]
sp|O15438.3|MRP3_HUMAN	XP_001351050.1	24.262	67	305	2.05e-17	87.4	XP_001351050.1 multidrug resistance-associated protein 1 [Plasmodium falciparum 3D7]
sp|O15438.3|MRP3_HUMAN	XP_001351050.1	21.910	67	178	7.36e-07	52.4	XP_001351050.1 multidrug resistance-associated protein 1 [Plasmodium falciparum 3D7]
sp|O15438.3|MRP3_HUMAN	XP_001348133.2	26.203	26	187	6.89e-18	88.2	XP_001348133.2 ABC transporter B family member 3, putative [Plasmodium falciparum 3D7]
sp|O15438.3|MRP3_HUMAN	XP_001348133.2	21.491	26	228	2.16e-11	67.0	XP_001348133.2 ABC transporter B family member 3, putative [Plasmodium falciparum 3D7]
sp|O15439.3|MRP4_HUMAN	XP_001348629.1	35.714	40	224	3.03e-31	131	XP_001348629.1 multidrug resistance protein 2 [Plasmodium falciparum 3D7]
sp|O15439.3|MRP4_HUMAN	XP_001348629.1	24.615	40	325	1.07e-23	107	XP_001348629.1 multidrug resistance protein 2 [Plasmodium falciparum 3D7]
sp|O15439.3|MRP4_HUMAN	XP_001350233.1	32.984	29	191	1.98e-28	122	XP_001350233.1 ABC transporter B family member 6, putative [Plasmodium falciparum 3D7]
sp|O15439.3|MRP4_HUMAN	XP_001350233.1	27.751	29	209	2.44e-17	86.3	XP_001350233.1 ABC transporter B family member 6, putative [Plasmodium falciparum 3D7]
sp|O15439.3|MRP4_HUMAN	XP_001351787.1	30.827	54	266	1.55e-26	116	XP_001351787.1 multidrug resistance protein 1 [Plasmodium falciparum 3D7]
sp|O15439.3|MRP4_HUMAN	XP_001351787.1	23.487	54	413	3.91e-21	99.0	XP_001351787.1 multidrug resistance protein 1 [Plasmodium falciparum 3D7]
sp|O15439.3|MRP4_HUMAN	XP_001351787.1	22.378	54	429	2.84e-19	92.8	XP_001351787.1 multidrug resistance protein 1 [Plasmodium falciparum 3D7]
sp|O15439.3|MRP4_HUMAN	XP_001351787.1	30.723	54	166	2.31e-13	73.6	XP_001351787.1 multidrug resistance protein 1 [Plasmodium falciparum 3D7]
sp|O15439.3|MRP4_HUMAN	XP_001351050.1	22.828	46	587	4.04e-21	99.0	XP_001351050.1 multidrug resistance-associated protein 1 [Plasmodium falciparum 3D7]
sp|O15439.3|MRP4_HUMAN	XP_001351050.1	35.000	46	140	7.95e-21	98.2	XP_001351050.1 multidrug resistance-associated protein 1 [Plasmodium falciparum 3D7]
sp|O15439.3|MRP4_HUMAN	XP_001350688.1	34.286	18	140	1.94e-16	84.0	XP_001350688.1 multidrug resistance-associated protein 2 [Plasmodium falciparum 3D7]
sp|O15439.3|MRP4_HUMAN	XP_001350688.1	29.358	18	109	3.32e-08	56.6	XP_001350688.1 multidrug resistance-associated protein 2 [Plasmodium falciparum 3D7]
sp|O60503.4|ADCY9_HUMAN	XP_001348065.1	32.121	30	165	6.11e-19	92.0	XP_001348065.1 guanylyl cyclase [Plasmodium falciparum 3D7]
sp|O60503.4|ADCY9_HUMAN	XP_001348065.1	28.421	30	190	2.67e-16	83.6	XP_001348065.1 guanylyl cyclase [Plasmodium falciparum 3D7]
sp|O60503.4|ADCY9_HUMAN	XP_001348065.1	41.250	30	80	1.48e-10	64.7	XP_001348065.1 guanylyl cyclase [Plasmodium falciparum 3D7]
sp|O60503.4|ADCY9_HUMAN	XP_001348065.1	27.660	30	94	7.28e-06	49.3	XP_001348065.1 guanylyl cyclase [Plasmodium falciparum 3D7]
sp|O60503.4|ADCY9_HUMAN	XP_001350316.2	32.450	31	151	1.16e-14	78.2	XP_001350316.2 guanylyl cyclase beta [Plasmodium falciparum 3D7]
sp|O60503.4|ADCY9_HUMAN	XP_001350316.2	24.020	31	204	3.60e-12	69.7	XP_001350316.2 guanylyl cyclase beta [Plasmodium falciparum 3D7]
sp|O60503.4|ADCY9_HUMAN	XP_001350316.2	32.075	31	159	1.23e-11	68.2	XP_001350316.2 guanylyl cyclase beta [Plasmodium falciparum 3D7]
sp|O60503.4|ADCY9_HUMAN	XP_001350316.2	27.136	31	199	1.33e-11	68.2	XP_001350316.2 guanylyl cyclase beta [Plasmodium falciparum 3D7]
sp|O60674.2|JAK2_HUMAN	XP_002808785.1	29.902	18	204	5.98e-23	99.4	XP_002808785.1 NIMA related kinase 4 [Plasmodium falciparum 3D7]
sp|O60674.2|JAK2_HUMAN	XP_001350280.1	32.178	17	202	6.12e-20	90.1	XP_001350280.1 protein kinase 5 [Plasmodium falciparum 3D7]
sp|O60674.2|JAK2_HUMAN	XP_002808713.1	29.412	17	204	9.15e-19	86.7	XP_002808713.1 NIMA related kinase 2 [Plasmodium falciparum 3D7]
sp|O60674.2|JAK2_HUMAN	XP_024328970.1	29.596	18	223	2.20e-16	80.1	XP_024328970.1 protein kinase, putative [Plasmodium falciparum 3D7]
sp|O60674.2|JAK2_HUMAN	XP_001348690.1	30.049	17	203	3.94e-16	82.0	XP_001348690.1 SNF1-related serine/threonine protein kinase KIN [Plasmodium falciparum 3D7]
sp|O61059|O61059_LEIME	XP_001349558.1	21.728	62	405	1.04e-13	72.0	XP_001349558.1 hexose transporter [Plasmodium falciparum 3D7]
sp|O70127.1|ABCBB_RAT	XP_001351787.1	26.759	98	1450	2.60e-160	516	XP_001351787.1 multidrug resistance protein 1 [Plasmodium falciparum 3D7]
sp|O70127.1|ABCBB_RAT	XP_001351787.1	29.925	98	665	2.40e-72	264	XP_001351787.1 multidrug resistance protein 1 [Plasmodium falciparum 3D7]
sp|O70127.1|ABCBB_RAT	XP_001351787.1	29.350	98	569	7.84e-60	224	XP_001351787.1 multidrug resistance protein 1 [Plasmodium falciparum 3D7]
sp|O70127.1|ABCBB_RAT	XP_001348629.1	33.708	71	445	3.58e-64	236	XP_001348629.1 multidrug resistance protein 2 [Plasmodium falciparum 3D7]
sp|O70127.1|ABCBB_RAT	XP_001348629.1	30.314	71	541	2.10e-52	199	XP_001348629.1 multidrug resistance protein 2 [Plasmodium falciparum 3D7]
sp|O70127.1|ABCBB_RAT	XP_001350233.1	37.383	32	214	4.35e-39	157	XP_001350233.1 ABC transporter B family member 6, putative [Plasmodium falciparum 3D7]
sp|O70127.1|ABCBB_RAT	XP_001350233.1	34.112	32	214	1.08e-38	155	XP_001350233.1 ABC transporter B family member 6, putative [Plasmodium falciparum 3D7]
sp|O70127.1|ABCBB_RAT	XP_001348133.2	33.641	34	217	2.34e-31	131	XP_001348133.2 ABC transporter B family member 3, putative [Plasmodium falciparum 3D7]
sp|O70127.1|ABCBB_RAT	XP_001348133.2	28.448	34	232	1.29e-23	106	XP_001348133.2 ABC transporter B family member 3, putative [Plasmodium falciparum 3D7]
sp|O70127.1|ABCBB_RAT	XP_001350508.1	23.241	77	611	7.61e-25	110	XP_001350508.1 ABC transporter B family member 7, putative [Plasmodium falciparum 3D7]
sp|O70127.1|ABCBB_RAT	XP_001350508.1	23.709	77	426	2.34e-16	83.2	XP_001350508.1 ABC transporter B family member 7, putative [Plasmodium falciparum 3D7]
sp|O70127.1|ABCBB_RAT	XP_001350508.1	36.792	77	106	4.91e-16	82.0	XP_001350508.1 ABC transporter B family member 7, putative [Plasmodium falciparum 3D7]
sp|O76074.2|PDE5A_HUMAN	XP_001349954.1	28.514	27	249	9.64e-20	93.2	XP_001349954.1 3',5'-cyclic nucleotide phosphodiesterase beta [Plasmodium falciparum 3D7]
sp|O76074.2|PDE5A_HUMAN	XP_024329151.1	26.160	27	237	2.45e-14	75.5	XP_024329151.1 cGMP-specific 3',5'-cyclic phosphodiesterase alpha [Plasmodium falciparum 3D7]
sp|O76074.2|PDE5A_HUMAN	XP_001350504.2	26.160	27	237	4.24e-14	75.1	XP_001350504.2 cGMP-specific 3',5'-cyclic phosphodiesterase alpha [Plasmodium falciparum 3D7]
sp|O76074.2|PDE5A_HUMAN	XP_002809026.1	26.667	30	270	2.83e-13	72.0	XP_002809026.1 cGMP-specific 3',5'-cyclic phosphodiesterase gamma, putative [Plasmodium falciparum 3D7]
sp|O76074.2|PDE5A_HUMAN	XP_001348846.2	25.592	23	211	7.01e-09	57.8	XP_001348846.2 cGMP-specific 3',5'-cyclic phosphodiesterase delta [Plasmodium falciparum 3D7]
sp|O88563.1|MRP3_RAT	XP_001348629.1	27.463	43	335	7.06e-30	127	XP_001348629.1 multidrug resistance protein 2 [Plasmodium falciparum 3D7]
sp|O88563.1|MRP3_RAT	XP_001348629.1	25.275	43	364	1.20e-24	110	XP_001348629.1 multidrug resistance protein 2 [Plasmodium falciparum 3D7]
sp|O88563.1|MRP3_RAT	XP_001350233.1	29.688	26	192	2.45e-27	119	XP_001350233.1 ABC transporter B family member 6, putative [Plasmodium falciparum 3D7]
sp|O88563.1|MRP3_RAT	XP_001350233.1	27.232	26	224	8.75e-16	81.6	XP_001350233.1 ABC transporter B family member 6, putative [Plasmodium falciparum 3D7]
sp|O88563.1|MRP3_RAT	XP_001351787.1	24.590	58	549	9.94e-27	117	XP_001351787.1 multidrug resistance protein 1 [Plasmodium falciparum 3D7]
sp|O88563.1|MRP3_RAT	XP_001351787.1	29.545	58	264	1.69e-26	116	XP_001351787.1 multidrug resistance protein 1 [Plasmodium falciparum 3D7]
sp|O88563.1|MRP3_RAT	XP_001351787.1	28.049	58	164	1.31e-12	71.2	XP_001351787.1 multidrug resistance protein 1 [Plasmodium falciparum 3D7]
sp|O88563.1|MRP3_RAT	XP_001351787.1	19.306	58	461	4.83e-08	56.2	XP_001351787.1 multidrug resistance protein 1 [Plasmodium falciparum 3D7]
sp|O88563.1|MRP3_RAT	XP_001351050.1	19.204	61	729	2.23e-22	103	XP_001351050.1 multidrug resistance-associated protein 1 [Plasmodium falciparum 3D7]
sp|O88563.1|MRP3_RAT	XP_001351050.1	33.083	61	133	2.86e-17	86.7	XP_001351050.1 multidrug resistance-associated protein 1 [Plasmodium falciparum 3D7]
sp|O88563.1|MRP3_RAT	XP_001351050.1	18.033	61	183	1.58e-06	51.6	XP_001351050.1 multidrug resistance-associated protein 1 [Plasmodium falciparum 3D7]
sp|O88563.1|MRP3_RAT	XP_001348133.2	25.893	26	224	6.70e-19	91.7	XP_001348133.2 ABC transporter B family member 3, putative [Plasmodium falciparum 3D7]
sp|O88563.1|MRP3_RAT	XP_001348133.2	23.558	26	208	3.52e-11	66.2	XP_001348133.2 ABC transporter B family member 3, putative [Plasmodium falciparum 3D7]
sp|O89049.5|TRXR1_RAT	XP_024329017.1	45.709	96	501	4.50e-146	428	XP_024329017.1 thioredoxin reductase [Plasmodium falciparum 3D7]
sp|O89049.5|TRXR1_RAT	XP_002808951.1	45.709	96	501	2.21e-145	429	XP_002808951.1 thioredoxin reductase [Plasmodium falciparum 3D7]
sp|O89049.5|TRXR1_RAT	XP_001348365.1	33.656	94	517	4.80e-68	225	XP_001348365.1 glutathione reductase [Plasmodium falciparum 3D7]
sp|O89049.5|TRXR1_RAT	XP_024329200.1	33.656	94	517	8.35e-68	225	XP_024329200.1 glutathione reductase [Plasmodium falciparum 3D7]
sp|O89049.5|TRXR1_RAT	XP_001350716.2	28.039	95	510	7.18e-30	120	XP_001350716.2 dihydrolipoyl dehydrogenase, mitochondrial [Plasmodium falciparum 3D7]
sp|O95342.2|ABCBB_HUMAN	XP_001351787.1	27.342	98	1452	4.71e-160	516	XP_001351787.1 multidrug resistance protein 1 [Plasmodium falciparum 3D7]
sp|O95342.2|ABCBB_HUMAN	XP_001351787.1	29.196	98	709	2.29e-75	273	XP_001351787.1 multidrug resistance protein 1 [Plasmodium falciparum 3D7]
sp|O95342.2|ABCBB_HUMAN	XP_001351787.1	28.690	98	603	1.55e-62	233	XP_001351787.1 multidrug resistance protein 1 [Plasmodium falciparum 3D7]
sp|O95342.2|ABCBB_HUMAN	XP_001348629.1	30.660	78	561	2.87e-65	239	XP_001348629.1 multidrug resistance protein 2 [Plasmodium falciparum 3D7]
sp|O95342.2|ABCBB_HUMAN	XP_001348629.1	30.726	78	537	4.94e-55	207	XP_001348629.1 multidrug resistance protein 2 [Plasmodium falciparum 3D7]
sp|O95342.2|ABCBB_HUMAN	XP_001350233.1	38.498	32	213	8.49e-40	159	XP_001350233.1 ABC transporter B family member 6, putative [Plasmodium falciparum 3D7]
sp|O95342.2|ABCBB_HUMAN	XP_001350233.1	34.951	32	206	3.70e-39	157	XP_001350233.1 ABC transporter B family member 6, putative [Plasmodium falciparum 3D7]
sp|O95342.2|ABCBB_HUMAN	XP_001348133.2	31.061	36	264	2.67e-32	134	XP_001348133.2 ABC transporter B family member 3, putative [Plasmodium falciparum 3D7]
sp|O95342.2|ABCBB_HUMAN	XP_001348133.2	30.137	36	219	6.82e-27	117	XP_001348133.2 ABC transporter B family member 3, putative [Plasmodium falciparum 3D7]
sp|O95342.2|ABCBB_HUMAN	XP_001350508.1	22.540	77	630	2.75e-23	105	XP_001350508.1 ABC transporter B family member 7, putative [Plasmodium falciparum 3D7]
sp|O95342.2|ABCBB_HUMAN	XP_001350508.1	23.077	77	429	1.59e-16	83.6	XP_001350508.1 ABC transporter B family member 7, putative [Plasmodium falciparum 3D7]
sp|O95342.2|ABCBB_HUMAN	XP_001350508.1	43.023	77	86	3.73e-15	79.0	XP_001350508.1 ABC transporter B family member 7, putative [Plasmodium falciparum 3D7]
sp|O95398.6|RPGF3_HUMAN	XP_001350628.1	28.777	15	139	4.27e-09	58.2	XP_001350628.1 cAMP-dependent protein kinase regulatory subunit [Plasmodium falciparum 3D7]
sp|O95398.6|RPGF3_HUMAN	XP_001350628.1	31.579	15	95	6.76e-08	54.3	XP_001350628.1 cAMP-dependent protein kinase regulatory subunit [Plasmodium falciparum 3D7]
sp|O95398.6|RPGF3_HUMAN	XP_001348520.1	38.462	15	78	3.33e-07	52.8	XP_001348520.1 cGMP-dependent protein kinase [Plasmodium falciparum 3D7]
sp|O95398.6|RPGF3_HUMAN	XP_001348520.1	29.752	15	121	4.98e-07	52.0	XP_001348520.1 cGMP-dependent protein kinase [Plasmodium falciparum 3D7]
sp|O96028.1|NSD2_HUMAN	XP_001349960.1	38.547	12	179	7.59e-29	124	XP_001349960.1 histone-lysine N-methyltransferase SET2 [Plasmodium falciparum 3D7]
sp|O96028.1|NSD2_HUMAN	XP_966279.2	35.821	10	134	7.96e-14	75.5	XP_966279.2 SET domain protein, putative [Plasmodium falciparum 3D7]
sp|O96028.1|NSD2_HUMAN	XP_001349248.1	29.518	11	166	6.20e-12	68.9	XP_001349248.1 SET domain protein, putative [Plasmodium falciparum 3D7]
sp|O96028.1|NSD2_HUMAN	XP_966228.1	25.837	13	209	1.70e-08	57.8	XP_966228.1 SNF2 helicase, putative [Plasmodium falciparum 3D7]
sp|O97467|O97467_PLAFA	XP_001349558.1	100.000	100	504	0.0	1014	XP_001349558.1 hexose transporter [Plasmodium falciparum 3D7]
sp|O97467|O97467_PLAFA	XP_001352066.1	24.066	94	482	4.04e-22	97.4	XP_001352066.1 major facilitator superfamily domain-containing protein, putative [Plasmodium falciparum 3D7]
sp|P00374.2|DYR_HUMAN	XP_001351479.1	29.703	92	202	5.63e-20	85.1	XP_001351479.1 bifunctional dihydrofolate reductase-thymidylate synthase [Plasmodium falciparum 3D7]
sp|P00375.3|DYR_MOUSE	XP_001351479.1	30.435	92	207	2.18e-21	89.0	XP_001351479.1 bifunctional dihydrofolate reductase-thymidylate synthase [Plasmodium falciparum 3D7]
sp|P00376.3|DYR_BOVIN	XP_001351479.1	30.583	92	206	1.44e-20	86.7	XP_001351479.1 bifunctional dihydrofolate reductase-thymidylate synthase [Plasmodium falciparum 3D7]
sp|P00378.1|DYR_CHICK	XP_001351479.1	29.353	90	201	1.04e-21	90.1	XP_001351479.1 bifunctional dihydrofolate reductase-thymidylate synthase [Plasmodium falciparum 3D7]
sp|P00469.1|TYSY_LACCA	XP_001351479.1	42.368	99	321	1.19e-76	244	XP_001351479.1 bifunctional dihydrofolate reductase-thymidylate synthase [Plasmodium falciparum 3D7]
sp|P00533.2|EGFR_HUMAN	XP_001349623.1	23.810	18	231	8.50e-17	84.7	XP_001349623.1 tyrosine kinase-like protein, putative [Plasmodium falciparum 3D7]
sp|P00533.2|EGFR_HUMAN	XP_001350206.1	28.099	19	242	3.06e-16	82.8	XP_001350206.1 tyrosine kinase-like protein [Plasmodium falciparum 3D7]
sp|P00533.2|EGFR_HUMAN	XP_002808713.1	26.966	21	267	4.94e-15	75.5	XP_002808713.1 NIMA related kinase 2 [Plasmodium falciparum 3D7]
sp|P00533.2|EGFR_HUMAN	XP_001347910.1	27.230	17	213	1.88e-13	73.6	XP_001347910.1 calcium-dependent protein kinase 6 [Plasmodium falciparum 3D7]
sp|P00533.2|EGFR_HUMAN	XP_024328937.1	28.767	18	219	1.58e-12	69.7	XP_024328937.1 calcium-dependent protein kinase 2 [Plasmodium falciparum 3D7]
sp|P00784.1|PAPA1_CARPA	XP_001347833.1	36.170	87	329	6.11e-49	169	XP_001347833.1 cysteine proteinase falcipain 3 [Plasmodium falciparum 3D7]
sp|P00784.1|PAPA1_CARPA	XP_001347836.1	33.718	92	347	2.39e-48	167	XP_001347836.1 cysteine proteinase falcipain 2a [Plasmodium falciparum 3D7]
sp|P00784.1|PAPA1_CARPA	XP_001348727.1	30.585	93	376	2.55e-48	169	XP_001348727.1 cysteine proteinase falcipain 1 [Plasmodium falciparum 3D7]
sp|P00784.1|PAPA1_CARPA	XP_001347832.1	33.333	89	336	1.97e-45	160	XP_001347832.1 cysteine proteinase falcipain 2b [Plasmodium falciparum 3D7]
sp|P00784.1|PAPA1_CARPA	XP_001350862.2	21.484	51	256	5.90e-09	55.8	XP_001350862.2 dipeptidyl aminopeptidase 2 [Plasmodium falciparum 3D7]
sp|P04626.1|ERBB2_HUMAN	XP_001349623.1	25.592	16	211	2.43e-16	83.2	XP_001349623.1 tyrosine kinase-like protein, putative [Plasmodium falciparum 3D7]
sp|P04626.1|ERBB2_HUMAN	XP_001349680.1	26.383	17	235	5.33e-14	74.7	XP_001349680.1 calcium-dependent protein kinase 1 [Plasmodium falciparum 3D7]
sp|P04626.1|ERBB2_HUMAN	XP_001347910.1	27.350	18	234	3.31e-13	73.2	XP_001347910.1 calcium-dependent protein kinase 6 [Plasmodium falciparum 3D7]
sp|P04626.1|ERBB2_HUMAN	XP_024328937.1	27.064	17	218	2.15e-12	69.3	XP_024328937.1 calcium-dependent protein kinase 2 [Plasmodium falciparum 3D7]
sp|P04626.1|ERBB2_HUMAN	XP_002808785.1	22.388	16	201	4.18e-12	67.0	XP_002808785.1 NIMA related kinase 4 [Plasmodium falciparum 3D7]
sp|P04818.3|TYSY_HUMAN	XP_001351479.1	53.846	96	299	5.42e-121	358	XP_001351479.1 bifunctional dihydrofolate reductase-thymidylate synthase [Plasmodium falciparum 3D7]
sp|P06239.6|LCK_HUMAN	XP_001349887.1	30.000	47	250	6.84e-25	104	XP_001349887.1 serine/threonine protein kinase PK9 [Plasmodium falciparum 3D7]
sp|P06239.6|LCK_HUMAN	XP_001349623.1	24.567	52	289	1.78e-22	100	XP_001349623.1 tyrosine kinase-like protein, putative [Plasmodium falciparum 3D7]
sp|P06239.6|LCK_HUMAN	XP_001349680.1	27.675	48	271	2.63e-21	95.5	XP_001349680.1 calcium-dependent protein kinase 1 [Plasmodium falciparum 3D7]
sp|P06239.6|LCK_HUMAN	XP_002808713.1	27.985	49	268	1.08e-19	87.8	XP_002808713.1 NIMA related kinase 2 [Plasmodium falciparum 3D7]
sp|P06239.6|LCK_HUMAN	XP_001347913.1	28.959	42	221	1.22e-19	91.3	XP_001347913.1 calcium-dependent protein kinase 7 [Plasmodium falciparum 3D7]
sp|P06241.3|FYN_HUMAN	XP_001349680.1	28.390	40	236	2.75e-21	95.5	XP_001349680.1 calcium-dependent protein kinase 1 [Plasmodium falciparum 3D7]
sp|P06241.3|FYN_HUMAN	XP_001349887.1	28.800	44	250	9.07e-21	92.4	XP_001349887.1 serine/threonine protein kinase PK9 [Plasmodium falciparum 3D7]
sp|P06241.3|FYN_HUMAN	XP_001349078.1	30.126	41	239	2.34e-20	92.8	XP_001349078.1 calcium-dependent protein kinase 4 [Plasmodium falciparum 3D7]
sp|P06241.3|FYN_HUMAN	XP_001349623.1	23.986	51	296	1.00e-19	91.7	XP_001349623.1 tyrosine kinase-like protein, putative [Plasmodium falciparum 3D7]
sp|P06241.3|FYN_HUMAN	XP_024328937.1	30.233	39	215	1.90e-19	89.7	XP_024328937.1 calcium-dependent protein kinase 2 [Plasmodium falciparum 3D7]
sp|P07203.4|GPX1_HUMAN	XP_001350528.1	30.688	91	189	9.35e-25	94.7	XP_001350528.1 glutathione peroxidase-like thioredoxin peroxidase [Plasmodium falciparum 3D7]
sp|P07382.1|DRTS_LEIMA	XP_001351479.1	53.125	92	288	4.12e-111	341	XP_001351479.1 bifunctional dihydrofolate reductase-thymidylate synthase [Plasmodium falciparum 3D7]
sp|P07382.1|DRTS_LEIMA	XP_001351479.1	28.169	92	213	3.01e-15	77.0	XP_001351479.1 bifunctional dihydrofolate reductase-thymidylate synthase [Plasmodium falciparum 3D7]
sp|P07607.1|TYSY_MOUSE	XP_001351479.1	56.014	95	291	9.37e-124	365	XP_001351479.1 bifunctional dihydrofolate reductase-thymidylate synthase [Plasmodium falciparum 3D7]
sp|P08183.3|MDR1_HUMAN	XP_001351787.1	29.100	98	1433	5.13e-179	566	XP_001351787.1 multidrug resistance protein 1 [Plasmodium falciparum 3D7]
sp|P08183.3|MDR1_HUMAN	XP_001351787.1	29.296	98	611	9.79e-62	230	XP_001351787.1 multidrug resistance protein 1 [Plasmodium falciparum 3D7]
sp|P08183.3|MDR1_HUMAN	XP_001348629.1	44.534	60	247	8.50e-63	231	XP_001348629.1 multidrug resistance protein 2 [Plasmodium falciparum 3D7]
sp|P08183.3|MDR1_HUMAN	XP_001348629.1	31.123	60	543	3.40e-60	223	XP_001348629.1 multidrug resistance protein 2 [Plasmodium falciparum 3D7]
sp|P08183.3|MDR1_HUMAN	XP_001350233.1	37.383	34	214	2.40e-41	164	XP_001350233.1 ABC transporter B family member 6, putative [Plasmodium falciparum 3D7]
sp|P08183.3|MDR1_HUMAN	XP_001350233.1	34.722	34	216	2.35e-39	157	XP_001350233.1 ABC transporter B family member 6, putative [Plasmodium falciparum 3D7]
sp|P08183.3|MDR1_HUMAN	XP_001348133.2	30.142	38	282	2.93e-30	127	XP_001348133.2 ABC transporter B family member 3, putative [Plasmodium falciparum 3D7]
sp|P08183.3|MDR1_HUMAN	XP_001348133.2	32.558	38	215	1.61e-29	125	XP_001348133.2 ABC transporter B family member 3, putative [Plasmodium falciparum 3D7]
sp|P08183.3|MDR1_HUMAN	XP_001350508.1	25.918	81	490	7.83e-25	110	XP_001350508.1 ABC transporter B family member 7, putative [Plasmodium falciparum 3D7]
sp|P08183.3|MDR1_HUMAN	XP_001350508.1	24.755	81	408	9.54e-20	94.0	XP_001350508.1 ABC transporter B family member 7, putative [Plasmodium falciparum 3D7]
sp|P08183.3|MDR1_HUMAN	XP_001350508.1	38.983	81	118	6.52e-18	88.2	XP_001350508.1 ABC transporter B family member 7, putative [Plasmodium falciparum 3D7]
sp|P08183.3|MDR1_HUMAN	XP_001350508.1	35.484	81	124	4.15e-17	85.5	XP_001350508.1 ABC transporter B family member 7, putative [Plasmodium falciparum 3D7]
sp|P08753.3|GNAI3_RAT	XP_001347487.1	28.788	36	132	3.27e-07	48.5	XP_001347487.1 ADP-ribosylation factor [Plasmodium falciparum 3D7]
sp|P09429.3|HMGB1_HUMAN	XP_001350438.1	45.333	70	75	3.92e-13	61.6	XP_001350438.1 high mobility group protein B1 [Plasmodium falciparum 3D7]
sp|P09429.3|HMGB1_HUMAN	XP_001350438.1	37.662	70	77	4.38e-09	50.8	XP_001350438.1 high mobility group protein B1 [Plasmodium falciparum 3D7]
sp|P09429.3|HMGB1_HUMAN	XP_001349346.1	40.506	70	79	1.10e-10	55.1	XP_001349346.1 high mobility group protein B2 [Plasmodium falciparum 3D7]
sp|P09429.3|HMGB1_HUMAN	XP_001349346.1	32.432	70	74	6.95e-09	50.1	XP_001349346.1 high mobility group protein B2 [Plasmodium falciparum 3D7]
sp|P09429.3|HMGB1_HUMAN	XP_001350301.2	30.667	32	75	1.62e-06	45.8	XP_001350301.2 high mobility group protein B4, putative [Plasmodium falciparum 3D7]
sp|P0A017.2|DYR_STAAU	XP_001351479.1	34.146	69	123	3.53e-12	61.6	XP_001351479.1 bifunctional dihydrofolate reductase-thymidylate synthase [Plasmodium falciparum 3D7]
sp|P0A884.1|TYSY_ECOLI	XP_001351479.1	45.552	99	281	2.26e-84	262	XP_001351479.1 bifunctional dihydrofolate reductase-thymidylate synthase [Plasmodium falciparum 3D7]
sp|P0ABQ4.1|DYR_ECOLI	XP_001351479.1	33.333	64	111	5.08e-12	61.2	XP_001351479.1 bifunctional dihydrofolate reductase-thymidylate synthase [Plasmodium falciparum 3D7]
sp|P11166.2|GTR1_HUMAN	XP_001349558.1	28.970	90	466	3.83e-40	149	XP_001349558.1 hexose transporter [Plasmodium falciparum 3D7]
sp|P11413.4|G6PD_HUMAN	XP_001348685.1	44.086	92	372	4.02e-106	336	XP_001348685.1 glucose-6-phosphate dehydrogenase-6-phosphogluconolactonase [Plasmodium falciparum 3D7]
sp|P11413.4|G6PD_HUMAN	XP_001348685.1	28.571	92	133	2.99e-09	58.2	XP_001348685.1 glucose-6-phosphate dehydrogenase-6-phosphogluconolactonase [Plasmodium falciparum 3D7]
sp|P13922.2|DRTS_PLAFK	XP_001351479.1	99.671	100	608	0.0	1242	XP_001351479.1 bifunctional dihydrofolate reductase-thymidylate synthase [Plasmodium falciparum 3D7]
sp|P15127.1|INSR_RAT	XP_001349623.1	22.997	20	287	4.69e-18	89.0	XP_001349623.1 tyrosine kinase-like protein, putative [Plasmodium falciparum 3D7]
sp|P15127.1|INSR_RAT	XP_002808713.1	25.090	20	279	7.41e-18	84.0	XP_002808713.1 NIMA related kinase 2 [Plasmodium falciparum 3D7]
sp|P15127.1|INSR_RAT	XP_001350206.1	26.829	17	246	1.79e-16	84.0	XP_001350206.1 tyrosine kinase-like protein [Plasmodium falciparum 3D7]
sp|P15127.1|INSR_RAT	XP_001349887.1	24.345	19	267	2.87e-15	77.8	XP_001349887.1 serine/threonine protein kinase PK9 [Plasmodium falciparum 3D7]
sp|P15127.1|INSR_RAT	XP_002808785.1	20.833	19	264	3.41e-12	67.4	XP_002808785.1 NIMA related kinase 4 [Plasmodium falciparum 3D7]
sp|P16184.1|DYR_PNECA	XP_001351479.1	29.940	68	167	2.65e-17	77.8	XP_001351479.1 bifunctional dihydrofolate reductase-thymidylate synthase [Plasmodium falciparum 3D7]
sp|P17252.4|KPCA_HUMAN	XP_001350854.1	40.625	47	320	5.73e-81	270	XP_001350854.1 RAC-beta serine/threonine protein kinase [Plasmodium falciparum 3D7]
sp|P17252.4|KPCA_HUMAN	XP_001352213.1	36.957	48	322	1.67e-63	212	XP_001352213.1 cAMP-dependent protein kinase catalytic subunit [Plasmodium falciparum 3D7]
sp|P17252.4|KPCA_HUMAN	XP_001348520.1	35.135	43	296	5.82e-53	194	XP_001348520.1 cGMP-dependent protein kinase [Plasmodium falciparum 3D7]
sp|P17252.4|KPCA_HUMAN	XP_001348401.2	31.071	40	280	1.37e-31	122	XP_001348401.2 calcium-dependent protein kinase, putative [Plasmodium falciparum 3D7]
sp|P17252.4|KPCA_HUMAN	XP_001349078.1	30.566	38	265	6.97e-31	125	XP_001349078.1 calcium-dependent protein kinase 4 [Plasmodium falciparum 3D7]
sp|P17948.2|VGFR1_HUMAN	XP_001350206.1	24.671	22	304	4.32e-15	79.3	XP_001350206.1 tyrosine kinase-like protein [Plasmodium falciparum 3D7]
sp|P17948.2|VGFR1_HUMAN	XP_002808785.1	26.163	13	172	5.03e-14	73.2	XP_002808785.1 NIMA related kinase 4 [Plasmodium falciparum 3D7]
sp|P17948.2|VGFR1_HUMAN	XP_001349623.1	28.571	12	161	1.26e-13	74.3	XP_001349623.1 tyrosine kinase-like protein, putative [Plasmodium falciparum 3D7]
sp|P17948.2|VGFR1_HUMAN	XP_002808713.1	35.922	8	103	9.11e-12	65.9	XP_002808713.1 NIMA related kinase 2 [Plasmodium falciparum 3D7]
sp|P17948.2|VGFR1_HUMAN	XP_001348650.2	27.922	11	154	1.48e-10	63.2	XP_001348650.2 serine/threonine protein kinase, putative [Plasmodium falciparum 3D7]
sp|P23458.2|JAK1_HUMAN	XP_002808785.1	26.545	23	275	5.95e-20	90.5	XP_002808785.1 NIMA related kinase 4 [Plasmodium falciparum 3D7]
sp|P23458.2|JAK1_HUMAN	XP_001350280.1	32.178	39	202	4.30e-17	81.6	XP_001350280.1 protein kinase 5 [Plasmodium falciparum 3D7]
sp|P23458.2|JAK1_HUMAN	XP_001350280.1	25.794	39	252	7.77e-06	47.4	XP_001350280.1 protein kinase 5 [Plasmodium falciparum 3D7]
sp|P23458.2|JAK1_HUMAN	XP_001347426.1	31.111	18	225	1.71e-16	80.5	XP_001347426.1 MO15-related protein kinase [Plasmodium falciparum 3D7]
sp|P23458.2|JAK1_HUMAN	XP_001349887.1	31.841	37	201	4.78e-16	79.7	XP_001349887.1 serine/threonine protein kinase PK9 [Plasmodium falciparum 3D7]
sp|P23458.2|JAK1_HUMAN	XP_001349887.1	25.911	37	247	7.12e-08	54.3	XP_001349887.1 serine/threonine protein kinase PK9 [Plasmodium falciparum 3D7]
sp|P23458.2|JAK1_HUMAN	XP_002808713.1	24.257	17	202	6.10e-16	78.2	XP_002808713.1 NIMA related kinase 2 [Plasmodium falciparum 3D7]
sp|P27338.3|AOFB_HUMAN	XP_001350524.1	38.462	11	65	3.37e-06	48.5	XP_001350524.1 lysine-specific histone demethylase 1, putative [Plasmodium falciparum 3D7]
sp|P27361.4|MK03_HUMAN	XP_001348468.1	41.139	82	316	1.06e-78	258	XP_001348468.1 mitogen-activated protein kinase 1 [Plasmodium falciparum 3D7]
sp|P27361.4|MK03_HUMAN	XP_001347818.1	35.787	89	394	3.73e-72	232	XP_001347818.1 mitogen-activated protein kinase 2 [Plasmodium falciparum 3D7]
sp|P27361.4|MK03_HUMAN	XP_001350280.1	38.176	77	296	1.23e-59	193	XP_001350280.1 protein kinase 5 [Plasmodium falciparum 3D7]
sp|P27361.4|MK03_HUMAN	XP_001351486.1	37.618	78	319	6.39e-55	190	XP_001351486.1 cdc2-related protein kinase 1 [Plasmodium falciparum 3D7]
sp|P27361.4|MK03_HUMAN	XP_001350099.1	34.426	75	305	1.56e-50	170	XP_001350099.1 protein kinase 6 [Plasmodium falciparum 3D7]
sp|P28482.3|MK01_HUMAN	XP_001348468.1	43.182	84	308	2.61e-77	253	XP_001348468.1 mitogen-activated protein kinase 1 [Plasmodium falciparum 3D7]
sp|P28482.3|MK01_HUMAN	XP_001347818.1	37.105	90	380	2.91e-71	229	XP_001347818.1 mitogen-activated protein kinase 2 [Plasmodium falciparum 3D7]
sp|P28482.3|MK01_HUMAN	XP_001350280.1	39.597	81	298	1.38e-61	197	XP_001350280.1 protein kinase 5 [Plasmodium falciparum 3D7]
sp|P28482.3|MK01_HUMAN	XP_001351486.1	36.778	85	329	3.38e-54	187	XP_001351486.1 cdc2-related protein kinase 1 [Plasmodium falciparum 3D7]
sp|P28482.3|MK01_HUMAN	XP_001350099.1	34.228	79	298	4.24e-49	166	XP_001350099.1 protein kinase 6 [Plasmodium falciparum 3D7]
sp|P29476.1|NOS1_RAT	XP_002808949.1	27.302	20	315	8.86e-22	100	XP_002808949.1 nitric oxide synthase, putative [Plasmodium falciparum 3D7]
sp|P29477.1|NOS2_MOUSE	XP_002808949.1	29.154	40	319	8.63e-24	106	XP_002808949.1 nitric oxide synthase, putative [Plasmodium falciparum 3D7]
sp|P29477.1|NOS2_MOUSE	XP_002808949.1	22.951	40	183	1.27e-08	57.4	XP_002808949.1 nitric oxide synthase, putative [Plasmodium falciparum 3D7]
sp|P29477.1|NOS2_MOUSE	XP_966214.1	27.731	19	238	1.01e-10	63.2	XP_966214.1 ferredoxin--NADP reductase [Plasmodium falciparum 3D7]
sp|P29597.3|TYK2_HUMAN	XP_002808785.1	28.641	17	206	9.35e-21	92.8	XP_002808785.1 NIMA related kinase 4 [Plasmodium falciparum 3D7]
sp|P29597.3|TYK2_HUMAN	XP_001350206.1	31.858	17	226	2.62e-19	92.8	XP_001350206.1 tyrosine kinase-like protein [Plasmodium falciparum 3D7]
sp|P29597.3|TYK2_HUMAN	XP_002808713.1	25.806	22	279	3.00e-17	82.0	XP_002808713.1 NIMA related kinase 2 [Plasmodium falciparum 3D7]
sp|P29597.3|TYK2_HUMAN	XP_001349680.1	31.604	17	212	1.70e-16	82.4	XP_001349680.1 calcium-dependent protein kinase 1 [Plasmodium falciparum 3D7]
sp|P29597.3|TYK2_HUMAN	XP_001349078.1	30.594	18	219	2.37e-15	79.0	XP_001349078.1 calcium-dependent protein kinase 4 [Plasmodium falciparum 3D7]
sp|P31749.2|AKT1_HUMAN	XP_001350854.1	47.040	67	321	1.38e-99	313	XP_001350854.1 RAC-beta serine/threonine protein kinase [Plasmodium falciparum 3D7]
sp|P31749.2|AKT1_HUMAN	XP_001352213.1	38.585	64	311	1.61e-67	218	XP_001352213.1 cAMP-dependent protein kinase catalytic subunit [Plasmodium falciparum 3D7]
sp|P31749.2|AKT1_HUMAN	XP_001348520.1	36.842	59	285	2.67e-54	193	XP_001348520.1 cGMP-dependent protein kinase [Plasmodium falciparum 3D7]
sp|P31749.2|AKT1_HUMAN	XP_001348690.1	32.083	50	240	2.89e-32	129	XP_001348690.1 SNF1-related serine/threonine protein kinase KIN [Plasmodium falciparum 3D7]
sp|P31749.2|AKT1_HUMAN	XP_002808785.1	27.303	61	304	3.60e-32	123	XP_002808785.1 NIMA related kinase 4 [Plasmodium falciparum 3D7]
sp|P33527.3|MRP1_HUMAN	XP_001348629.1	36.555	37	238	1.04e-34	143	XP_001348629.1 multidrug resistance protein 2 [Plasmodium falciparum 3D7]
sp|P33527.3|MRP1_HUMAN	XP_001348629.1	27.762	37	353	2.45e-27	119	XP_001348629.1 multidrug resistance protein 2 [Plasmodium falciparum 3D7]
sp|P33527.3|MRP1_HUMAN	XP_001351787.1	30.576	32	278	2.20e-28	123	XP_001351787.1 multidrug resistance protein 1 [Plasmodium falciparum 3D7]
sp|P33527.3|MRP1_HUMAN	XP_001351787.1	29.932	32	294	1.02e-26	117	XP_001351787.1 multidrug resistance protein 1 [Plasmodium falciparum 3D7]
sp|P33527.3|MRP1_HUMAN	XP_001351787.1	31.928	32	166	6.24e-14	75.9	XP_001351787.1 multidrug resistance protein 1 [Plasmodium falciparum 3D7]
sp|P33527.3|MRP1_HUMAN	XP_001351787.1	24.113	32	282	8.25e-14	75.5	XP_001351787.1 multidrug resistance protein 1 [Plasmodium falciparum 3D7]
sp|P33527.3|MRP1_HUMAN	XP_001350233.1	32.461	26	191	2.13e-26	116	XP_001350233.1 ABC transporter B family member 6, putative [Plasmodium falciparum 3D7]
sp|P33527.3|MRP1_HUMAN	XP_001350233.1	29.864	26	221	2.29e-16	83.6	XP_001350233.1 ABC transporter B family member 6, putative [Plasmodium falciparum 3D7]
sp|P33527.3|MRP1_HUMAN	XP_001351050.1	20.255	60	706	1.60e-25	114	XP_001351050.1 multidrug resistance-associated protein 1 [Plasmodium falciparum 3D7]
sp|P33527.3|MRP1_HUMAN	XP_001351050.1	32.215	60	149	5.07e-17	85.9	XP_001351050.1 multidrug resistance-associated protein 1 [Plasmodium falciparum 3D7]
sp|P33527.3|MRP1_HUMAN	XP_001351050.1	20.488	60	205	1.01e-07	55.5	XP_001351050.1 multidrug resistance-associated protein 1 [Plasmodium falciparum 3D7]
sp|P33527.3|MRP1_HUMAN	XP_001348133.2	29.570	25	186	4.08e-19	92.4	XP_001348133.2 ABC transporter B family member 3, putative [Plasmodium falciparum 3D7]
sp|P33527.3|MRP1_HUMAN	XP_001348133.2	24.554	25	224	4.31e-10	62.8	XP_001348133.2 ABC transporter B family member 3, putative [Plasmodium falciparum 3D7]
sp|P34896.1|GLYC_HUMAN	XP_001350750.1	45.815	94	454	1.09e-135	397	XP_001350750.1 serine hydroxymethyltransferase [Plasmodium falciparum 3D7]
sp|P34896.1|GLYC_HUMAN	XP_001348708.1	21.322	94	469	4.38e-18	84.7	XP_001348708.1 serine hydroxymethyltransferase [Plasmodium falciparum 3D7]
sp|P34897.3|GLYM_HUMAN	XP_001350750.1	45.495	90	455	1.26e-141	413	XP_001350750.1 serine hydroxymethyltransferase [Plasmodium falciparum 3D7]
sp|P34897.3|GLYM_HUMAN	XP_001348708.1	21.097	91	474	2.54e-18	85.9	XP_001348708.1 serine hydroxymethyltransferase [Plasmodium falciparum 3D7]
sp|P35637.1|FUS_HUMAN	XP_002808796.1	33.333	18	93	2.11e-07	51.6	XP_002808796.1 RNA-binding protein, putative [Plasmodium falciparum 3D7]
sp|P36969.3|GPX4_HUMAN	XP_001350528.1	41.026	77	156	4.28e-35	121	XP_001350528.1 glutathione peroxidase-like thioredoxin peroxidase [Plasmodium falciparum 3D7]
sp|P38398.2|BRCA1_HUMAN	XP_001351466.1	43.396	3	53	5.81e-08	56.2	XP_001351466.1 RING zinc finger protein, putative [Plasmodium falciparum 3D7]
sp|P38398.2|BRCA1_HUMAN	XP_966256.1	34.483	3	58	5.95e-08	55.8	XP_966256.1 E3 ubiquitin-protein ligase RNF5, putative [Plasmodium falciparum 3D7]
sp|P38398.2|BRCA1_HUMAN	XP_001350464.1	28.736	5	87	1.08e-07	55.5	XP_001350464.1 zinc finger protein, putative [Plasmodium falciparum 3D7]
sp|P38398.2|BRCA1_HUMAN	XP_001347402.2	42.254	4	71	5.36e-07	53.1	XP_001347402.2 RING zinc finger protein, putative [Plasmodium falciparum 3D7]
sp|P43405.1|KSYK_HUMAN	XP_001350206.1	29.665	31	209	8.61e-20	92.8	XP_001350206.1 tyrosine kinase-like protein [Plasmodium falciparum 3D7]
sp|P43405.1|KSYK_HUMAN	XP_002808785.1	28.372	32	215	1.91e-19	87.8	XP_002808785.1 NIMA related kinase 4 [Plasmodium falciparum 3D7]
sp|P43405.1|KSYK_HUMAN	XP_024328937.1	32.432	34	222	1.45e-18	87.4	XP_024328937.1 calcium-dependent protein kinase 2 [Plasmodium falciparum 3D7]
sp|P43405.1|KSYK_HUMAN	XP_001349680.1	29.008	38	262	1.53e-17	84.3	XP_001349680.1 calcium-dependent protein kinase 1 [Plasmodium falciparum 3D7]
sp|P43405.1|KSYK_HUMAN	XP_001349887.1	28.295	39	258	3.00e-17	82.4	XP_001349887.1 serine/threonine protein kinase PK9 [Plasmodium falciparum 3D7]
sp|P45352.1|TYSY_RAT	XP_001351479.1	56.491	93	285	3.29e-123	364	XP_001351479.1 bifunctional dihydrofolate reductase-thymidylate synthase [Plasmodium falciparum 3D7]
sp|P48426.2|PI42A_HUMAN	XP_001351035.1	30.539	77	334	2.23e-30	122	XP_001351035.1 phosphatidylinositol-4-phosphate 5-kinase [Plasmodium falciparum 3D7]
sp|P48760.3|FOLC_MOUSE	XP_001349988.1	38.542	32	192	2.34e-33	132	XP_001349988.1 dihydrofolate synthase/folylpolyglutamate synthase [Plasmodium falciparum 3D7]
sp|P52209.3|6PGD_HUMAN	XP_001348694.1	44.776	96	469	1.55e-139	408	XP_001348694.1 6-phosphogluconate dehydrogenase, decarboxylating [Plasmodium falciparum 3D7]
sp|P52333.2|JAK3_HUMAN	XP_002808785.1	30.882	18	204	1.26e-24	104	XP_002808785.1 NIMA related kinase 4 [Plasmodium falciparum 3D7]
sp|P52333.2|JAK3_HUMAN	XP_001352213.1	29.048	18	210	1.88e-15	77.4	XP_001352213.1 cAMP-dependent protein kinase catalytic subunit [Plasmodium falciparum 3D7]
sp|P52333.2|JAK3_HUMAN	XP_001349078.1	29.646	19	226	4.31e-15	77.8	XP_001349078.1 calcium-dependent protein kinase 4 [Plasmodium falciparum 3D7]
sp|P52333.2|JAK3_HUMAN	XP_001350280.1	30.500	17	200	6.87e-15	75.1	XP_001350280.1 protein kinase 5 [Plasmodium falciparum 3D7]
sp|P52333.2|JAK3_HUMAN	XP_001350206.1	26.459	21	257	5.26e-14	75.5	XP_001350206.1 tyrosine kinase-like protein [Plasmodium falciparum 3D7]
sp|P9WFX0.1|MBTI_MYCTO	XP_001352095.1	23.148	46	216	1.66e-14	74.3	XP_001352095.1 para-aminobenzoic acid synthetase [Plasmodium falciparum 3D7]
sp|P9WNX1.2|DYR_MYCTU	XP_001351479.1	33.663	53	101	1.05e-06	45.8	XP_001351479.1 bifunctional dihydrofolate reductase-thymidylate synthase [Plasmodium falciparum 3D7]
sp|Q01782.2|PTR1_LEIMA	XP_001352100.1	25.267	97	281	1.35e-13	68.2	XP_001352100.1 3-oxoacyl-[acyl-carrier-protein] reductase [Plasmodium falciparum 3D7]
sp|Q05932.3|FOLC_HUMAN	XP_001349988.1	38.947	32	190	7.75e-34	133	XP_001349988.1 dihydrofolate synthase/folylpolyglutamate synthase [Plasmodium falciparum 3D7]
sp|Q05DJ8|Q05DJ8_HUMAN	XP_024329065.1	25.545	67	321	8.56e-15	74.3	XP_024329065.1 trypsin-like serine protease, putative [Plasmodium falciparum 3D7]
sp|Q05DJ8|Q05DJ8_HUMAN	XP_001349446.1	33.019	44	212	6.15e-13	69.3	XP_001349446.1 serine protease DegP [Plasmodium falciparum 3D7]
sp|Q07422.1|DRTS_TOXGO	XP_001351479.1	40.705	98	624	2.54e-160	471	XP_001351479.1 bifunctional dihydrofolate reductase-thymidylate synthase [Plasmodium falciparum 3D7]
sp|Q08209.1|PP2BA_HUMAN	XP_001349486.1	54.032	90	372	8.17e-139	412	XP_001349486.1 serine/threonine protein phosphatase 2B catalytic subunit A [Plasmodium falciparum 3D7]
sp|Q08209.1|PP2BA_HUMAN	XP_001349486.1	29.293	90	99	5.41e-10	60.1	XP_001349486.1 serine/threonine protein phosphatase 2B catalytic subunit A [Plasmodium falciparum 3D7]
sp|Q08209.1|PP2BA_HUMAN	XP_001348315.1	44.444	48	252	5.80e-73	232	XP_001348315.1 serine/threonine protein phosphatase PP1 [Plasmodium falciparum 3D7]
sp|Q08209.1|PP2BA_HUMAN	XP_001352147.1	41.156	56	294	2.77e-68	220	XP_001352147.1 serine/threonine protein phosphatase 4, putative [Plasmodium falciparum 3D7]
sp|Q08209.1|PP2BA_HUMAN	XP_001352124.1	43.214	53	280	2.91e-67	223	XP_001352124.1 protein phosphatase-beta [Plasmodium falciparum 3D7]
sp|Q08209.1|PP2BA_HUMAN	XP_001351213.1	43.636	52	275	2.63e-63	207	XP_001351213.1 serine/threonine protein phosphatase 6, putative [Plasmodium falciparum 3D7]
sp|Q08499.2|PDE4D_HUMAN	XP_001349954.1	33.462	32	260	8.14e-38	150	XP_001349954.1 3',5'-cyclic nucleotide phosphodiesterase beta [Plasmodium falciparum 3D7]
sp|Q08499.2|PDE4D_HUMAN	XP_002809026.1	34.008	30	247	5.08e-33	135	XP_002809026.1 cGMP-specific 3',5'-cyclic phosphodiesterase gamma, putative [Plasmodium falciparum 3D7]
sp|Q08499.2|PDE4D_HUMAN	XP_024329151.1	31.897	28	232	5.91e-28	119	XP_024329151.1 cGMP-specific 3',5'-cyclic phosphodiesterase alpha [Plasmodium falciparum 3D7]
sp|Q08499.2|PDE4D_HUMAN	XP_001350504.2	31.897	28	232	1.97e-27	117	XP_001350504.2 cGMP-specific 3',5'-cyclic phosphodiesterase alpha [Plasmodium falciparum 3D7]
sp|Q08499.2|PDE4D_HUMAN	XP_001348846.2	27.670	25	206	3.53e-17	84.7	XP_001348846.2 cGMP-specific 3',5'-cyclic phosphodiesterase delta [Plasmodium falciparum 3D7]
sp|Q12809.1|KCNH2_HUMAN	XP_001348520.1	31.522	8	92	7.31e-08	55.1	XP_001348520.1 cGMP-dependent protein kinase [Plasmodium falciparum 3D7]
sp|Q13148.1|TADBP_HUMAN	XP_024328888.1	28.931	37	159	1.13e-13	70.1	XP_024328888.1 RNA-binding protein, putative [Plasmodium falciparum 3D7]
sp|Q13148.1|TADBP_HUMAN	XP_001349956.1	28.289	31	152	6.22e-10	59.7	XP_001349956.1 splicing factor 1 [Plasmodium falciparum 3D7]
sp|Q13148.1|TADBP_HUMAN	XP_001349956.1	39.286	31	56	3.34e-07	50.8	XP_001349956.1 splicing factor 1 [Plasmodium falciparum 3D7]
sp|Q13148.1|TADBP_HUMAN	XP_001347758.2	31.250	37	80	2.13e-09	57.8	XP_001347758.2 nucleic acid binding protein, putative [Plasmodium falciparum 3D7]
sp|Q13148.1|TADBP_HUMAN	XP_001347758.2	29.412	37	85	1.39e-06	48.9	XP_001347758.2 nucleic acid binding protein, putative [Plasmodium falciparum 3D7]
sp|Q13148.1|TADBP_HUMAN	XP_001347758.2	33.333	37	69	2.69e-06	47.8	XP_001347758.2 nucleic acid binding protein, putative [Plasmodium falciparum 3D7]
sp|Q13148.1|TADBP_HUMAN	XP_001352039.1	26.946	38	167	4.19e-09	56.2	XP_001352039.1 RNA-binding protein musashi, putative [Plasmodium falciparum 3D7]
sp|Q13148.1|TADBP_HUMAN	XP_024328979.1	28.947	34	152	2.49e-08	53.9	XP_024328979.1 RNA-binding protein, putative [Plasmodium falciparum 3D7]
sp|Q14432.3|PDE3A_HUMAN	XP_001349954.1	30.657	24	274	8.45e-30	126	XP_001349954.1 3',5'-cyclic nucleotide phosphodiesterase beta [Plasmodium falciparum 3D7]
sp|Q14432.3|PDE3A_HUMAN	XP_002809026.1	31.599	23	269	4.69e-28	120	XP_002809026.1 cGMP-specific 3',5'-cyclic phosphodiesterase gamma, putative [Plasmodium falciparum 3D7]
sp|Q14432.3|PDE3A_HUMAN	XP_024329151.1	28.660	28	321	1.41e-20	96.7	XP_024329151.1 cGMP-specific 3',5'-cyclic phosphodiesterase alpha [Plasmodium falciparum 3D7]
sp|Q14432.3|PDE3A_HUMAN	XP_001350504.2	28.704	28	324	4.04e-20	95.1	XP_001350504.2 cGMP-specific 3',5'-cyclic phosphodiesterase alpha [Plasmodium falciparum 3D7]
sp|Q14432.3|PDE3A_HUMAN	XP_001348846.2	31.169	13	154	5.57e-14	75.1	XP_001348846.2 cGMP-specific 3',5'-cyclic phosphodiesterase delta [Plasmodium falciparum 3D7]
sp|Q15084.1|PDIA6_HUMAN	XP_001348023.1	29.793	86	386	2.58e-51	177	XP_001348023.1 protein disulfide isomerase [Plasmodium falciparum 3D7]
sp|Q15084.1|PDIA6_HUMAN	XP_002808883.1	42.991	54	107	1.17e-20	92.4	XP_002808883.1 protein disulfide isomerase [Plasmodium falciparum 3D7]
sp|Q15084.1|PDIA6_HUMAN	XP_002808883.1	44.944	54	89	3.38e-19	88.2	XP_002808883.1 protein disulfide isomerase [Plasmodium falciparum 3D7]
sp|Q15084.1|PDIA6_HUMAN	XP_002808883.1	28.415	54	183	8.27e-11	62.0	XP_002808883.1 protein disulfide isomerase [Plasmodium falciparum 3D7]
sp|Q15084.1|PDIA6_HUMAN	XP_002808883.1	33.708	54	89	2.20e-09	57.8	XP_002808883.1 protein disulfide isomerase [Plasmodium falciparum 3D7]
sp|Q15084.1|PDIA6_HUMAN	XP_001350237.1	39.130	46	92	5.86e-18	80.5	XP_001350237.1 thioredoxin-related protein, putative [Plasmodium falciparum 3D7]
sp|Q15084.1|PDIA6_HUMAN	XP_001350237.1	32.203	46	118	2.57e-15	72.8	XP_001350237.1 thioredoxin-related protein, putative [Plasmodium falciparum 3D7]
sp|Q15084.1|PDIA6_HUMAN	XP_001348868.1	25.828	54	151	1.35e-12	67.8	XP_001348868.1 protein disulfide-isomerase [Plasmodium falciparum 3D7]
sp|Q15084.1|PDIA6_HUMAN	XP_001348868.1	26.415	54	106	1.02e-08	55.5	XP_001348868.1 protein disulfide-isomerase [Plasmodium falciparum 3D7]
sp|Q15084.1|PDIA6_HUMAN	XP_001348719.1	26.531	40	98	1.30e-08	50.8	XP_001348719.1 thioredoxin 1 [Plasmodium falciparum 3D7]
sp|Q15084.1|PDIA6_HUMAN	XP_001348719.1	27.160	40	81	8.19e-06	43.1	XP_001348719.1 thioredoxin 1 [Plasmodium falciparum 3D7]
sp|Q16539.3|MK14_HUMAN	XP_001348468.1	42.258	84	310	1.95e-78	256	XP_001348468.1 mitogen-activated protein kinase 1 [Plasmodium falciparum 3D7]
sp|Q16539.3|MK14_HUMAN	XP_001347818.1	35.159	81	347	2.71e-62	206	XP_001347818.1 mitogen-activated protein kinase 2 [Plasmodium falciparum 3D7]
sp|Q16539.3|MK14_HUMAN	XP_001350280.1	37.415	80	294	4.60e-57	186	XP_001350280.1 protein kinase 5 [Plasmodium falciparum 3D7]
sp|Q16539.3|MK14_HUMAN	XP_001350099.1	35.395	78	291	1.58e-49	167	XP_001350099.1 protein kinase 6 [Plasmodium falciparum 3D7]
sp|Q16539.3|MK14_HUMAN	XP_001347426.1	33.968	79	315	1.96e-46	159	XP_001347426.1 MO15-related protein kinase [Plasmodium falciparum 3D7]
sp|Q27552|Q27552_CRYPV	XP_001351479.1	39.062	97	576	6.36e-136	405	XP_001351479.1 bifunctional dihydrofolate reductase-thymidylate synthase [Plasmodium falciparum 3D7]
sp|Q27783.1|DRTS_TRYBB	XP_001351479.1	51.056	84	284	1.26e-104	324	XP_001351479.1 bifunctional dihydrofolate reductase-thymidylate synthase [Plasmodium falciparum 3D7]
sp|Q27783.1|DRTS_TRYBB	XP_001351479.1	32.044	84	181	1.51e-15	77.8	XP_001351479.1 bifunctional dihydrofolate reductase-thymidylate synthase [Plasmodium falciparum 3D7]
sp|Q27793.2|DRTS_TRYCR	XP_001351479.1	52.465	90	284	3.43e-106	328	XP_001351479.1 bifunctional dihydrofolate reductase-thymidylate synthase [Plasmodium falciparum 3D7]
sp|Q27793.2|DRTS_TRYCR	XP_001351479.1	32.536	90	209	5.62e-17	82.4	XP_001351479.1 bifunctional dihydrofolate reductase-thymidylate synthase [Plasmodium falciparum 3D7]
sp|Q5RLM2.1|S22A7_RAT	XP_001349558.1	22.488	34	209	4.05e-07	50.8	XP_001349558.1 hexose transporter [Plasmodium falciparum 3D7]
sp|Q5T3U5.1|MRP7_HUMAN	XP_001348629.1	30.292	34	274	2.68e-30	129	XP_001348629.1 multidrug resistance protein 2 [Plasmodium falciparum 3D7]
sp|Q5T3U5.1|MRP7_HUMAN	XP_001348629.1	23.228	34	254	1.10e-14	77.8	XP_001348629.1 multidrug resistance protein 2 [Plasmodium falciparum 3D7]
sp|Q5T3U5.1|MRP7_HUMAN	XP_001350233.1	29.187	27	209	4.12e-30	128	XP_001350233.1 ABC transporter B family member 6, putative [Plasmodium falciparum 3D7]
sp|Q5T3U5.1|MRP7_HUMAN	XP_001350233.1	24.138	27	203	8.39e-10	62.0	XP_001350233.1 ABC transporter B family member 6, putative [Plasmodium falciparum 3D7]
sp|Q5T3U5.1|MRP7_HUMAN	XP_001351787.1	29.568	43	301	8.61e-29	124	XP_001351787.1 multidrug resistance protein 1 [Plasmodium falciparum 3D7]
sp|Q5T3U5.1|MRP7_HUMAN	XP_001351787.1	26.641	43	259	5.89e-22	102	XP_001351787.1 multidrug resistance protein 1 [Plasmodium falciparum 3D7]
sp|Q5T3U5.1|MRP7_HUMAN	XP_001351787.1	29.143	43	175	1.82e-14	77.4	XP_001351787.1 multidrug resistance protein 1 [Plasmodium falciparum 3D7]
sp|Q5T3U5.1|MRP7_HUMAN	XP_001351787.1	18.962	43	443	3.39e-08	57.0	XP_001351787.1 multidrug resistance protein 1 [Plasmodium falciparum 3D7]
sp|Q5T3U5.1|MRP7_HUMAN	XP_001351050.1	20.819	55	586	2.16e-20	97.1	XP_001351050.1 multidrug resistance-associated protein 1 [Plasmodium falciparum 3D7]
sp|Q5T3U5.1|MRP7_HUMAN	XP_001351050.1	31.746	55	126	8.00e-14	75.5	XP_001351050.1 multidrug resistance-associated protein 1 [Plasmodium falciparum 3D7]
sp|Q5T3U5.1|MRP7_HUMAN	XP_001351050.1	20.705	55	227	3.79e-09	60.1	XP_001351050.1 multidrug resistance-associated protein 1 [Plasmodium falciparum 3D7]
sp|Q5T3U5.1|MRP7_HUMAN	XP_001350508.1	26.490	23	151	7.36e-13	72.0	XP_001350508.1 ABC transporter B family member 7, putative [Plasmodium falciparum 3D7]
sp|Q5T3U5.1|MRP7_HUMAN	XP_001350508.1	25.926	23	108	5.99e-10	62.4	XP_001350508.1 ABC transporter B family member 7, putative [Plasmodium falciparum 3D7]
sp|Q5T3U5.1|MRP7_HUMAN	XP_001350508.1	32.727	23	110	2.60e-09	60.5	XP_001350508.1 ABC transporter B family member 7, putative [Plasmodium falciparum 3D7]
sp|Q61831.2|MK10_MOUSE	XP_001348468.1	38.095	66	315	9.52e-62	214	XP_001348468.1 mitogen-activated protein kinase 1 [Plasmodium falciparum 3D7]
sp|Q61831.2|MK10_MOUSE	XP_001347818.1	32.759	63	348	1.39e-48	172	XP_001347818.1 mitogen-activated protein kinase 2 [Plasmodium falciparum 3D7]
sp|Q61831.2|MK10_MOUSE	XP_001350280.1	35.855	64	304	1.82e-44	155	XP_001350280.1 protein kinase 5 [Plasmodium falciparum 3D7]
sp|Q61831.2|MK10_MOUSE	XP_001351486.1	34.503	67	342	7.15e-43	159	XP_001351486.1 cdc2-related protein kinase 1 [Plasmodium falciparum 3D7]
sp|Q61831.2|MK10_MOUSE	XP_001350099.1	32.899	64	307	3.12e-40	145	XP_001350099.1 protein kinase 6 [Plasmodium falciparum 3D7]
sp|Q63120.1|MRP2_RAT	XP_001348629.1	26.389	46	504	3.31e-34	141	XP_001348629.1 multidrug resistance protein 2 [Plasmodium falciparum 3D7]
sp|Q63120.1|MRP2_RAT	XP_001348629.1	34.263	46	251	1.75e-32	135	XP_001348629.1 multidrug resistance protein 2 [Plasmodium falciparum 3D7]
sp|Q63120.1|MRP2_RAT	XP_001350233.1	33.488	27	215	8.14e-31	130	XP_001350233.1 ABC transporter B family member 6, putative [Plasmodium falciparum 3D7]
sp|Q63120.1|MRP2_RAT	XP_001350233.1	30.332	27	211	3.84e-18	89.4	XP_001350233.1 ABC transporter B family member 6, putative [Plasmodium falciparum 3D7]
sp|Q63120.1|MRP2_RAT	XP_001351787.1	29.655	27	290	6.52e-27	118	XP_001351787.1 multidrug resistance protein 1 [Plasmodium falciparum 3D7]
sp|Q63120.1|MRP2_RAT	XP_001351787.1	27.055	27	292	1.44e-22	103	XP_001351787.1 multidrug resistance protein 1 [Plasmodium falciparum 3D7]
sp|Q63120.1|MRP2_RAT	XP_001351787.1	32.298	27	161	1.85e-11	67.8	XP_001351787.1 multidrug resistance protein 1 [Plasmodium falciparum 3D7]
sp|Q63120.1|MRP2_RAT	XP_001351050.1	23.311	50	592	3.96e-25	112	XP_001351050.1 multidrug resistance-associated protein 1 [Plasmodium falciparum 3D7]
sp|Q63120.1|MRP2_RAT	XP_001351050.1	35.849	50	159	1.27e-22	104	XP_001351050.1 multidrug resistance-associated protein 1 [Plasmodium falciparum 3D7]
sp|Q63120.1|MRP2_RAT	XP_001351050.1	29.688	50	128	9.34e-07	52.4	XP_001351050.1 multidrug resistance-associated protein 1 [Plasmodium falciparum 3D7]
sp|Q63120.1|MRP2_RAT	XP_001348133.2	25.229	27	218	3.58e-17	85.9	XP_001348133.2 ABC transporter B family member 3, putative [Plasmodium falciparum 3D7]
sp|Q63120.1|MRP2_RAT	XP_001348133.2	23.707	27	232	5.10e-10	62.8	XP_001348133.2 ABC transporter B family member 3, putative [Plasmodium falciparum 3D7]
sp|Q81R22|Q81R22_BACAN	XP_001351479.1	29.851	77	134	2.12e-09	53.5	XP_001351479.1 bifunctional dihydrofolate reductase-thymidylate synthase [Plasmodium falciparum 3D7]
sp|Q8WZA2.1|RPGF4_HUMAN	XP_001350628.1	31.034	12	116	2.16e-09	59.3	XP_001350628.1 cAMP-dependent protein kinase regulatory subunit [Plasmodium falciparum 3D7]
sp|Q8WZA2.1|RPGF4_HUMAN	XP_001350628.1	29.703	12	101	6.65e-06	48.1	XP_001350628.1 cAMP-dependent protein kinase regulatory subunit [Plasmodium falciparum 3D7]
sp|Q8WZA2.1|RPGF4_HUMAN	XP_001348520.1	27.049	20	122	6.79e-07	51.6	XP_001348520.1 cGMP-dependent protein kinase [Plasmodium falciparum 3D7]
sp|Q8WZA2.1|RPGF4_HUMAN	XP_001348520.1	37.179	20	78	4.22e-06	49.3	XP_001348520.1 cGMP-dependent protein kinase [Plasmodium falciparum 3D7]
sp|Q920D2.3|DYR_RAT	XP_001351479.1	29.469	92	207	1.19e-21	89.7	XP_001351479.1 bifunctional dihydrofolate reductase-thymidylate synthase [Plasmodium falciparum 3D7]
sp|Q92551.3|IP6K1_HUMAN	XP_001349898.1	32.340	52	235	9.21e-26	109	XP_001349898.1 inositol polyphosphate kinase, putative [Plasmodium falciparum 3D7]
sp|Q92560.2|BAP1_HUMAN	XP_001347848.1	31.325	23	166	9.61e-20	91.3	XP_001347848.1 ubiquitin carboxyl-terminal hydrolase UCH54 [Plasmodium falciparum 3D7]
sp|Q92560.2|BAP1_HUMAN	XP_001348750.2	26.446	32	242	2.03e-11	62.8	XP_001348750.2 ubiquitin carboxyl-terminal hydrolase isozyme L3 [Plasmodium falciparum 3D7]
sp|Q92887.3|MRP2_HUMAN	XP_001348629.1	34.043	50	235	2.75e-31	132	XP_001348629.1 multidrug resistance protein 2 [Plasmodium falciparum 3D7]
sp|Q92887.3|MRP2_HUMAN	XP_001348629.1	23.842	50	583	7.11e-29	124	XP_001348629.1 multidrug resistance protein 2 [Plasmodium falciparum 3D7]
sp|Q92887.3|MRP2_HUMAN	XP_001350233.1	31.944	26	216	4.65e-29	124	XP_001350233.1 ABC transporter B family member 6, putative [Plasmodium falciparum 3D7]
sp|Q92887.3|MRP2_HUMAN	XP_001350233.1	32.353	26	204	1.74e-16	84.0	XP_001350233.1 ABC transporter B family member 6, putative [Plasmodium falciparum 3D7]
sp|Q92887.3|MRP2_HUMAN	XP_001351787.1	29.553	32	291	1.09e-26	117	XP_001351787.1 multidrug resistance protein 1 [Plasmodium falciparum 3D7]
sp|Q92887.3|MRP2_HUMAN	XP_001351787.1	27.740	32	292	1.27e-22	104	XP_001351787.1 multidrug resistance protein 1 [Plasmodium falciparum 3D7]
sp|Q92887.3|MRP2_HUMAN	XP_001351787.1	32.927	32	164	7.78e-11	65.5	XP_001351787.1 multidrug resistance protein 1 [Plasmodium falciparum 3D7]
sp|Q92887.3|MRP2_HUMAN	XP_001351787.1	21.509	32	265	9.11e-06	48.9	XP_001351787.1 multidrug resistance protein 1 [Plasmodium falciparum 3D7]
sp|Q92887.3|MRP2_HUMAN	XP_001351050.1	22.720	45	669	2.36e-25	113	XP_001351050.1 multidrug resistance-associated protein 1 [Plasmodium falciparum 3D7]
sp|Q92887.3|MRP2_HUMAN	XP_001351050.1	37.857	45	140	1.83e-21	100	XP_001351050.1 multidrug resistance-associated protein 1 [Plasmodium falciparum 3D7]
sp|Q92887.3|MRP2_HUMAN	XP_001348133.2	25.688	27	218	3.43e-16	82.8	XP_001348133.2 ABC transporter B family member 3, putative [Plasmodium falciparum 3D7]
sp|Q92887.3|MRP2_HUMAN	XP_001348133.2	24.464	27	233	5.13e-11	65.9	XP_001348133.2 ABC transporter B family member 3, putative [Plasmodium falciparum 3D7]
sp|Q96J66.1|MRP8_HUMAN	XP_001350233.1	36.957	27	184	3.76e-29	125	XP_001350233.1 ABC transporter B family member 6, putative [Plasmodium falciparum 3D7]
sp|Q96J66.1|MRP8_HUMAN	XP_001350233.1	29.048	27	210	2.02e-14	77.0	XP_001350233.1 ABC transporter B family member 6, putative [Plasmodium falciparum 3D7]
sp|Q96J66.1|MRP8_HUMAN	XP_001348629.1	32.127	31	221	9.77e-29	123	XP_001348629.1 multidrug resistance protein 2 [Plasmodium falciparum 3D7]
sp|Q96J66.1|MRP8_HUMAN	XP_001348629.1	28.507	31	221	2.91e-23	105	XP_001348629.1 multidrug resistance protein 2 [Plasmodium falciparum 3D7]
sp|Q96J66.1|MRP8_HUMAN	XP_001351050.1	21.944	50	679	3.05e-24	109	XP_001351050.1 multidrug resistance-associated protein 1 [Plasmodium falciparum 3D7]
sp|Q96J66.1|MRP8_HUMAN	XP_001351050.1	36.719	50	128	1.14e-16	84.7	XP_001351050.1 multidrug resistance-associated protein 1 [Plasmodium falciparum 3D7]
sp|Q96J66.1|MRP8_HUMAN	XP_001351787.1	25.249	42	301	1.14e-23	107	XP_001351787.1 multidrug resistance protein 1 [Plasmodium falciparum 3D7]
sp|Q96J66.1|MRP8_HUMAN	XP_001351787.1	29.213	42	267	2.30e-23	106	XP_001351787.1 multidrug resistance protein 1 [Plasmodium falciparum 3D7]
sp|Q96J66.1|MRP8_HUMAN	XP_001351787.1	28.485	42	165	2.92e-11	66.6	XP_001351787.1 multidrug resistance protein 1 [Plasmodium falciparum 3D7]
sp|Q96J66.1|MRP8_HUMAN	XP_001351787.1	21.083	42	351	7.96e-09	58.9	XP_001351787.1 multidrug resistance protein 1 [Plasmodium falciparum 3D7]
sp|Q96J66.1|MRP8_HUMAN	XP_001350688.1	26.971	24	241	1.31e-16	84.3	XP_001350688.1 multidrug resistance-associated protein 2 [Plasmodium falciparum 3D7]
sp|Q96J66.1|MRP8_HUMAN	XP_001350688.1	36.434	24	129	3.89e-13	73.2	XP_001350688.1 multidrug resistance-associated protein 2 [Plasmodium falciparum 3D7]
sp|Q96QA9|Q96QA9_HUMAN	XP_001348629.1	30.932	43	236	1.28e-26	117	XP_001348629.1 multidrug resistance protein 2 [Plasmodium falciparum 3D7]
sp|Q96QA9|Q96QA9_HUMAN	XP_001348629.1	22.669	43	472	1.96e-24	109	XP_001348629.1 multidrug resistance protein 2 [Plasmodium falciparum 3D7]
sp|Q96QA9|Q96QA9_HUMAN	XP_001351787.1	27.372	24	274	3.80e-21	99.4	XP_001351787.1 multidrug resistance protein 1 [Plasmodium falciparum 3D7]
sp|Q96QA9|Q96QA9_HUMAN	XP_001351787.1	26.038	24	265	2.41e-18	90.1	XP_001351787.1 multidrug resistance protein 1 [Plasmodium falciparum 3D7]
sp|Q96QA9|Q96QA9_HUMAN	XP_001351787.1	30.818	24	159	4.09e-12	69.7	XP_001351787.1 multidrug resistance protein 1 [Plasmodium falciparum 3D7]
sp|Q96QA9|Q96QA9_HUMAN	XP_001351787.1	28.571	24	98	1.31e-06	51.6	XP_001351787.1 multidrug resistance protein 1 [Plasmodium falciparum 3D7]
sp|Q96QA9|Q96QA9_HUMAN	XP_001350233.1	30.120	23	166	3.81e-20	95.9	XP_001350233.1 ABC transporter B family member 6, putative [Plasmodium falciparum 3D7]
sp|Q96QA9|Q96QA9_HUMAN	XP_001350233.1	26.923	23	208	2.44e-15	80.1	XP_001350233.1 ABC transporter B family member 6, putative [Plasmodium falciparum 3D7]
sp|Q96QA9|Q96QA9_HUMAN	XP_001351050.1	24.262	67	305	2.08e-17	87.0	XP_001351050.1 multidrug resistance-associated protein 1 [Plasmodium falciparum 3D7]
sp|Q96QA9|Q96QA9_HUMAN	XP_001351050.1	17.600	67	750	2.34e-17	87.0	XP_001351050.1 multidrug resistance-associated protein 1 [Plasmodium falciparum 3D7]
sp|Q96QA9|Q96QA9_HUMAN	XP_001351050.1	21.910	67	178	7.10e-07	52.8	XP_001351050.1 multidrug resistance-associated protein 1 [Plasmodium falciparum 3D7]
sp|Q96QA9|Q96QA9_HUMAN	XP_001348133.2	25.668	25	187	6.45e-13	72.0	XP_001348133.2 ABC transporter B family member 3, putative [Plasmodium falciparum 3D7]
sp|Q96QA9|Q96QA9_HUMAN	XP_001348133.2	21.491	25	228	1.93e-11	67.4	XP_001348133.2 ABC transporter B family member 3, putative [Plasmodium falciparum 3D7]
sp|Q96QE3.4|ATAD5_HUMAN	XP_001349697.1	28.906	7	128	6.13e-11	65.9	XP_001349697.1 replication factor C subunit 1, putative [Plasmodium falciparum 3D7]
sp|Q99700.2|ATX2_HUMAN	XP_001348512.2	24.561	16	228	7.50e-10	62.0	XP_001348512.2 ataxin-2 like protein, putative [Plasmodium falciparum 3D7]
sp|Q99700.2|ATX2_HUMAN	XP_024329206.1	24.561	16	228	1.08e-09	61.2	XP_024329206.1 ataxin-2 like protein, putative [Plasmodium falciparum 3D7]
sp|Q99728.2|BARD1_HUMAN	XP_001348396.1	36.441	15	118	6.87e-13	70.5	XP_001348396.1 ankyrin-repeat protein, putative [Plasmodium falciparum 3D7]
sp|Q99728.2|BARD1_HUMAN	XP_001347868.1	37.634	14	93	6.10e-10	60.1	XP_001347868.1 acyl-CoA-binding protein, putative [Plasmodium falciparum 3D7]
sp|Q99728.2|BARD1_HUMAN	XP_001347868.1	40.541	14	74	7.05e-07	50.4	XP_001347868.1 acyl-CoA-binding protein, putative [Plasmodium falciparum 3D7]
sp|Q99728.2|BARD1_HUMAN	XP_001347387.2	29.268	20	123	1.16e-09	56.6	XP_001347387.2 ankyrin-repeat protein, putative [Plasmodium falciparum 3D7]
sp|Q99728.2|BARD1_HUMAN	XP_001347387.2	27.419	20	124	7.49e-06	45.4	XP_001347387.2 ankyrin-repeat protein, putative [Plasmodium falciparum 3D7]
sp|Q99728.2|BARD1_HUMAN	XP_001347497.1	39.000	13	100	2.01e-09	59.7	XP_001347497.1 PHAX domain-containing protein, putative [Plasmodium falciparum 3D7]
sp|Q99728.2|BARD1_HUMAN	XP_001347497.1	37.624	13	101	2.25e-09	59.7	XP_001347497.1 PHAX domain-containing protein, putative [Plasmodium falciparum 3D7]
sp|Q99728.2|BARD1_HUMAN	XP_001347612.1	31.373	13	102	8.74e-06	47.4	XP_001347612.1 bromodomain protein 1 [Plasmodium falciparum 3D7]
sp|Q9BTU6.1|P4K2A_HUMAN	XP_001351186.1	23.630	56	292	3.26e-06	48.1	XP_001351186.1 phosphatidylinositol 3- and 4-kinase, putative [Plasmodium falciparum 3D7]
sp|Q9NXA8.2|SIR5_HUMAN	XP_001350011.1	30.620	82	258	7.35e-38	134	XP_001350011.1 transcriptional regulatory protein sir2a [Plasmodium falciparum 3D7]
sp|Q9UNQ0.3|ABCG2_HUMAN	XP_001348418.1	28.205	83	585	9.43e-58	204	XP_001348418.1 ABC transporter G family member 2 [Plasmodium falciparum 3D7]
sp|Q9UNQ0.3|ABCG2_HUMAN	XP_001348629.1	28.139	34	231	8.20e-11	63.5	XP_001348629.1 multidrug resistance protein 2 [Plasmodium falciparum 3D7]
sp|Q9UNQ0.3|ABCG2_HUMAN	XP_001348306.1	32.948	24	173	2.46e-06	48.5	XP_001348306.1 FeS assembly ATPase SufC [Plasmodium falciparum 3D7]
sp|Q9UNQ0.3|ABCG2_HUMAN	XP_001350508.1	30.337	14	89	3.05e-06	48.9	XP_001350508.1 ABC transporter B family member 7, putative [Plasmodium falciparum 3D7]
sp|Q9UNQ0.3|ABCG2_HUMAN	XP_001351787.1	23.438	32	256	4.92e-06	48.1	XP_001351787.1 multidrug resistance protein 1 [Plasmodium falciparum 3D7]
sp|Q9Y3Z3.2|SAMH1_HUMAN	XP_001350784.2	29.365	76	504	1.44e-50	186	XP_001350784.2 HD superfamily phosphohydrolase protein, putative [Plasmodium falciparum 3D7]
XP_001218773.1	XP_001352096.1	43.548	95	434	1.98e-110	330	XP_001352096.1 phosphoglycerate kinase [Plasmodium falciparum 3D7]
XP_001347818.1	XP_001347818.1	100.000	100	508	0.0	1025	XP_001347818.1 mitogen-activated protein kinase 2 [Plasmodium falciparum 3D7]
XP_001347818.1	XP_001348468.1	33.166	76	398	5.05e-54	194	XP_001348468.1 mitogen-activated protein kinase 1 [Plasmodium falciparum 3D7]
XP_001347818.1	XP_001350280.1	33.728	66	338	4.21e-47	164	XP_001350280.1 protein kinase 5 [Plasmodium falciparum 3D7]
XP_001347818.1	XP_001347426.1	35.673	66	342	3.03e-43	154	XP_001347426.1 MO15-related protein kinase [Plasmodium falciparum 3D7]
XP_001347818.1	XP_001351486.1	31.726	73	394	6.64e-43	160	XP_001351486.1 cdc2-related protein kinase 1 [Plasmodium falciparum 3D7]
XP_001348533.1	XP_001348533.1	100.000	100	424	0.0	872	XP_001348533.1 HSP40, subfamily A [Plasmodium falciparum 3D7]
XP_001348533.1	XP_966274.1	34.571	78	350	7.53e-53	179	XP_966274.1 DnaJ protein, putative [Plasmodium falciparum 3D7]
XP_001348533.1	XP_001349532.2	28.571	82	364	2.89e-30	119	XP_001349532.2 knob associated heat shock protein 40 [Plasmodium falciparum 3D7]
XP_001348533.1	XP_024328997.1	30.000	81	380	9.87e-29	114	XP_024328997.1 heat shock protein 40, type II [Plasmodium falciparum 3D7]
XP_001348533.1	XP_001351408.1	27.507	75	349	4.28e-28	115	XP_001351408.1 chaperone protein DnaJ [Plasmodium falciparum 3D7]
XP_001348591.1	XP_001348591.1	100.000	100	927	0.0	1872	XP_001348591.1 heat shock protein 90, putative [Plasmodium falciparum 3D7]
XP_001348591.1	XP_001350620.1	35.175	75	742	6.74e-126	399	XP_001350620.1 endoplasmin, putative [Plasmodium falciparum 3D7]
XP_001348591.1	XP_001348998.1	35.952	72	420	9.65e-81	275	XP_001348998.1 heat shock protein 90 [Plasmodium falciparum 3D7]
XP_001348591.1	XP_001348998.1	43.426	72	251	9.57e-50	187	XP_001348998.1 heat shock protein 90 [Plasmodium falciparum 3D7]
XP_001348591.1	XP_001347859.1	31.517	70	422	1.12e-44	172	XP_001347859.1 heat shock protein 90, putative [Plasmodium falciparum 3D7]
XP_001348591.1	XP_001347859.1	35.395	70	291	9.18e-42	163	XP_001347859.1 heat shock protein 90, putative [Plasmodium falciparum 3D7]
XP_001349078.1	XP_001349078.1	100.000	100	528	0.0	1073	XP_001349078.1 calcium-dependent protein kinase 4 [Plasmodium falciparum 3D7]
XP_001349078.1	XP_001349680.1	53.484	90	488	2.30e-175	503	XP_001349680.1 calcium-dependent protein kinase 1 [Plasmodium falciparum 3D7]
XP_001349078.1	XP_024328937.1	41.501	85	453	1.39e-104	321	XP_024328937.1 calcium-dependent protein kinase 2 [Plasmodium falciparum 3D7]
XP_001349078.1	XP_001350105.1	40.929	85	452	5.19e-100	311	XP_001350105.1 calcium-dependent protein kinase 5 [Plasmodium falciparum 3D7]
XP_001349078.1	XP_001351174.1	37.826	85	460	3.18e-90	286	XP_001351174.1 calcium-dependent protein kinase 3 [Plasmodium falciparum 3D7]
XP_001349639.1	XP_001349639.1	100.000	100	343	0.0	684	XP_001349639.1 protein kinase 7 [Plasmodium falciparum 3D7]
XP_001349639.1	XP_001352213.1	28.980	71	245	2.01e-20	89.0	XP_001352213.1 cAMP-dependent protein kinase catalytic subunit [Plasmodium falciparum 3D7]
XP_001349639.1	XP_001348520.1	39.344	34	122	6.47e-18	83.2	XP_001348520.1 cGMP-dependent protein kinase [Plasmodium falciparum 3D7]
XP_001349639.1	XP_001350854.1	25.649	87	308	1.02e-17	82.8	XP_001350854.1 RAC-beta serine/threonine protein kinase [Plasmodium falciparum 3D7]
XP_001349639.1	XP_001348650.2	29.568	84	301	3.31e-17	80.1	XP_001348650.2 serine/threonine protein kinase, putative [Plasmodium falciparum 3D7]
XP_001349680.1	XP_001349680.1	100.000	100	524	0.0	1060	XP_001349680.1 calcium-dependent protein kinase 1 [Plasmodium falciparum 3D7]
XP_001349680.1	XP_001349078.1	53.484	92	488	2.29e-175	503	XP_001349078.1 calcium-dependent protein kinase 4 [Plasmodium falciparum 3D7]
XP_001349680.1	XP_001350105.1	40.043	87	462	2.29e-104	322	XP_001350105.1 calcium-dependent protein kinase 5 [Plasmodium falciparum 3D7]
XP_001349680.1	XP_024328937.1	39.706	89	476	1.12e-101	314	XP_024328937.1 calcium-dependent protein kinase 2 [Plasmodium falciparum 3D7]
XP_001349680.1	XP_001351174.1	42.683	76	410	5.61e-94	295	XP_001351174.1 calcium-dependent protein kinase 3 [Plasmodium falciparum 3D7]
XP_001349989.1	XP_001349989.1	100.000	100	316	0.0	643	XP_001349989.1 L-lactate dehydrogenase [Plasmodium falciparum 3D7]
XP_001349989.1	XP_001349992.1	42.997	95	307	2.42e-88	266	XP_001349992.1 lactate dehydrogenase, putative [Plasmodium falciparum 3D7]
XP_001349989.1	XP_966170.1	40.065	97	307	6.56e-71	221	XP_966170.1 malate dehydrogenase [Plasmodium falciparum 3D7]
XP_001350099.1	XP_001350099.1	100.000	100	305	0.0	615	XP_001350099.1 protein kinase 6 [Plasmodium falciparum 3D7]
XP_001350099.1	XP_001350280.1	38.384	92	297	1.32e-56	182	XP_001350280.1 protein kinase 5 [Plasmodium falciparum 3D7]
XP_001350099.1	XP_001348468.1	37.061	95	313	4.54e-52	181	XP_001348468.1 mitogen-activated protein kinase 1 [Plasmodium falciparum 3D7]
XP_001350099.1	XP_001351486.1	35.093	96	322	5.39e-51	177	XP_001351486.1 cdc2-related protein kinase 1 [Plasmodium falciparum 3D7]
XP_001350099.1	XP_001347426.1	34.545	94	330	3.33e-43	149	XP_001347426.1 MO15-related protein kinase [Plasmodium falciparum 3D7]
XP_822407.1	XP_001347624.1	35.758	64	495	3.08e-98	323	XP_001347624.1 methionine--tRNA ligase [Plasmodium falciparum 3D7]
XP_822407.1	XP_001347338.1	26.207	66	290	1.59e-35	142	XP_001347338.1 methionine--tRNA ligase, putative [Plasmodium falciparum 3D7]
XP_822407.1	XP_001347338.1	28.936	66	235	2.90e-23	103	XP_001347338.1 methionine--tRNA ligase, putative [Plasmodium falciparum 3D7]
XP_843920.1	XP_001352026.1	29.218	47	243	1.59e-17	84.3	XP_001352026.1 ATP-dependent 6-phosphofructokinase [Plasmodium falciparum 3D7]
YP_001085402.1	XP_966261.1	23.795	59	332	2.33e-10	61.6	XP_966261.1 acetyl-CoA synthetase, putative [Plasmodium falciparum 3D7]
YP_001085402.1	XP_001349208.1	27.160	31	162	9.44e-10	59.7	XP_001349208.1 acyl-CoA synthetase [Plasmodium falciparum 3D7]
YP_001085402.1	XP_966180.1	21.824	44	307	4.61e-09	57.4	XP_966180.1 acyl-CoA synthetase [Plasmodium falciparum 3D7]
YP_001085402.1	XP_001351087.1	23.315	58	356	7.74e-09	56.6	XP_001351087.1 acyl-CoA synthetase [Plasmodium falciparum 3D7]
YP_001085402.1	XP_001350916.1	25.904	31	166	9.36e-08	53.1	XP_001350916.1 acyl-CoA synthetase [Plasmodium falciparum 3D7]
YP_001129431.1	XP_002808642.2	53.333	14	105	2.01e-09	60.5	XP_002808642.2 NYN domain-containing protein, putative [Plasmodium falciparum 3D7]
YP_001129431.1	XP_002808642.2	52.381	14	105	5.44e-09	58.9	XP_002808642.2 NYN domain-containing protein, putative [Plasmodium falciparum 3D7]
YP_001129431.1	XP_002808642.2	54.545	14	99	1.16e-08	58.2	XP_002808642.2 NYN domain-containing protein, putative [Plasmodium falciparum 3D7]
YP_001129431.1	XP_002808642.2	53.333	14	105	1.40e-08	57.8	XP_002808642.2 NYN domain-containing protein, putative [Plasmodium falciparum 3D7]
YP_001129431.1	XP_002808642.2	48.182	14	110	2.48e-08	57.0	XP_002808642.2 NYN domain-containing protein, putative [Plasmodium falciparum 3D7]
YP_001129431.1	XP_002808642.2	47.899	14	119	3.03e-07	53.5	XP_002808642.2 NYN domain-containing protein, putative [Plasmodium falciparum 3D7]
YP_001129431.1	XP_002808642.2	49.000	14	100	5.06e-06	49.3	XP_002808642.2 NYN domain-containing protein, putative [Plasmodium falciparum 3D7]
YP_001129431.1	XP_001348348.1	36.310	16	168	7.17e-09	58.9	XP_001348348.1 conserved Plasmodium protein, unknown function [Plasmodium falciparum 3D7]
YP_001129431.1	XP_001348348.1	31.720	16	186	2.04e-06	50.8	XP_001348348.1 conserved Plasmodium protein, unknown function [Plasmodium falciparum 3D7]
YP_001129431.1	XP_001347860.1	36.134	14	119	9.21e-08	55.1	XP_001347860.1 insulinase, putative [Plasmodium falciparum 3D7]
YP_001129431.1	XP_001347860.1	36.522	14	115	5.12e-07	52.4	XP_001347860.1 insulinase, putative [Plasmodium falciparum 3D7]
YP_001129431.1	XP_001347860.1	42.424	14	99	4.98e-06	49.3	XP_001347860.1 insulinase, putative [Plasmodium falciparum 3D7]
YP_001129431.1	XP_001350083.1	44.828	16	145	2.31e-07	53.9	XP_001350083.1 reticulocyte binding protein 2 homologue a [Plasmodium falciparum 3D7]
YP_001129431.1	XP_001350083.1	46.479	16	142	4.27e-07	52.8	XP_001350083.1 reticulocyte binding protein 2 homologue a [Plasmodium falciparum 3D7]
YP_001129431.1	XP_001350083.1	45.865	16	133	7.65e-07	52.0	XP_001350083.1 reticulocyte binding protein 2 homologue a [Plasmodium falciparum 3D7]
YP_001129431.1	XP_001347603.1	40.187	16	107	3.21e-07	52.8	XP_001347603.1 conserved Plasmodium protein, unknown function [Plasmodium falciparum 3D7]
YP_001129431.1	XP_001347603.1	27.322	16	183	4.63e-07	52.4	XP_001347603.1 conserved Plasmodium protein, unknown function [Plasmodium falciparum 3D7]
AAH42418.1	XP_001349820.1	33.537	37	164	8.31e-17	81.3	XP_001349820.1 protein phosphatase PPM6, putative [Plasmodium falciparum 3D7]
AAH42418.1	XP_002808835.1	29.016	44	193	2.38e-15	76.3	XP_002808835.1 protein phosphatase PPM5, putative [Plasmodium falciparum 3D7]
AAH42418.1	XP_001350877.1	24.303	54	251	2.18e-14	73.9	XP_001350877.1 protein phosphatase PPM4, putative [Plasmodium falciparum 3D7]
AAH42418.1	XP_002808703.1	24.554	42	224	1.14e-10	62.0	XP_002808703.1 protein phosphatase PPM9, putative [Plasmodium falciparum 3D7]
AAH42418.1	XP_001348697.2	21.610	53	236	9.89e-07	48.9	XP_001348697.2 protein phosphatase PPM3, putative [Plasmodium falciparum 3D7]
pdb|2LM5|A	XP_001348666.2	24.581	83	179	4.45e-13	63.5	XP_001348666.2 calcineurin subunit B [Plasmodium falciparum 3D7]
pdb|2LM5|A	XP_001351001.1	29.032	57	124	9.52e-09	51.2	XP_001351001.1 centrin-1 [Plasmodium falciparum 3D7]
gi|578162	XP_001348772.1	60.843	99	332	2.14e-147	417	XP_001348772.1 glyceraldehyde-3-phosphate dehydrogenase [Plasmodium falciparum 3D7]
sp|Q9UBN7.2|HDAC6_HUMAN	XP_001348864.3	28.328	34	293	2.92e-22	102	XP_001348864.3 histone deacetylase, putative [Plasmodium falciparum 3D7]
sp|Q9UBN7.2|HDAC6_HUMAN	XP_001348864.3	28.947	34	228	8.05e-18	88.2	XP_001348864.3 histone deacetylase, putative [Plasmodium falciparum 3D7]
sp|Q9UBN7.2|HDAC6_HUMAN	XP_001347363.1	50.000	34	84	2.86e-20	96.3	XP_001347363.1 histone deacetylase 2 [Plasmodium falciparum 3D7]
sp|Q9UBN7.2|HDAC6_HUMAN	XP_001347363.1	35.821	34	134	3.67e-19	92.4	XP_001347363.1 histone deacetylase 2 [Plasmodium falciparum 3D7]
sp|Q9UBN7.2|HDAC6_HUMAN	XP_001347363.1	46.667	34	75	6.12e-17	85.5	XP_001347363.1 histone deacetylase 2 [Plasmodium falciparum 3D7]
sp|Q9UBN7.2|HDAC6_HUMAN	XP_001347363.1	33.333	34	129	2.92e-15	79.7	XP_001347363.1 histone deacetylase 2 [Plasmodium falciparum 3D7]
sp|Q9UBN7.2|HDAC6_HUMAN	XP_001352127.1	24.080	48	299	4.88e-18	87.0	XP_001352127.1 histone deacetylase 1 [Plasmodium falciparum 3D7]
sp|Q9UBN7.2|HDAC6_HUMAN	XP_001352127.1	24.262	48	305	6.38e-18	86.7	XP_001352127.1 histone deacetylase 1 [Plasmodium falciparum 3D7]
sp|Q64133.3|AOFA_MOUSE	XP_001350524.1	50.000	8	40	7.39e-06	47.4	XP_001350524.1 lysine-specific histone demethylase 1, putative [Plasmodium falciparum 3D7]
sp|Q8BW75.4|AOFB_MOUSE	XP_001350524.1	39.394	11	66	1.36e-07	52.8	XP_001350524.1 lysine-specific histone demethylase 1, putative [Plasmodium falciparum 3D7]
AAB03573.1	XP_001348360.1	23.744	98	219	3.80e-17	75.1	XP_001348360.1 glutathione S-transferase [Plasmodium falciparum 3D7]
ABM67533.1	XP_001351807.1	26.984	48	315	5.83e-16	79.3	XP_001351807.1 acyl-CoA synthetase [Plasmodium falciparum 3D7]
ABM67533.1	XP_966180.1	20.128	64	467	1.76e-14	75.1	XP_966180.1 acyl-CoA synthetase [Plasmodium falciparum 3D7]
ABM67533.1	XP_966261.1	26.822	57	343	2.17e-13	71.6	XP_966261.1 acetyl-CoA synthetase, putative [Plasmodium falciparum 3D7]
ABM67533.1	XP_001350916.1	30.811	33	185	6.12e-13	70.1	XP_001350916.1 acyl-CoA synthetase [Plasmodium falciparum 3D7]
ABM67533.1	XP_001349208.1	28.141	35	199	1.77e-12	68.6	XP_001349208.1 acyl-CoA synthetase [Plasmodium falciparum 3D7]
NP_001035889.1	XP_001349960.1	38.547	12	179	7.59e-29	124	XP_001349960.1 histone-lysine N-methyltransferase SET2 [Plasmodium falciparum 3D7]
NP_001035889.1	XP_966279.2	35.821	10	134	7.96e-14	75.5	XP_966279.2 SET domain protein, putative [Plasmodium falciparum 3D7]
NP_001035889.1	XP_001349248.1	29.518	11	166	6.20e-12	68.9	XP_001349248.1 SET domain protein, putative [Plasmodium falciparum 3D7]
NP_001035889.1	XP_966228.1	25.837	13	209	1.70e-08	57.8	XP_966228.1 SNF2 helicase, putative [Plasmodium falciparum 3D7]
sp|Q581W1|Q581W1_9TRYP	XP_001352100.1	26.966	71	267	3.13e-15	73.9	XP_001352100.1 3-oxoacyl-[acyl-carrier-protein] reductase [Plasmodium falciparum 3D7]
sp|Q582G3|Q582G3_9TRYP	XP_001351479.1	51.056	84	284	2.07e-105	327	XP_001351479.1 bifunctional dihydrofolate reductase-thymidylate synthase [Plasmodium falciparum 3D7]
sp|Q582G3|Q582G3_9TRYP	XP_001351479.1	32.044	84	181	1.36e-15	77.8	XP_001351479.1 bifunctional dihydrofolate reductase-thymidylate synthase [Plasmodium falciparum 3D7]
AAA62473.1	XP_001348520.1	31.522	8	92	7.31e-08	55.1	XP_001348520.1 cGMP-dependent protein kinase [Plasmodium falciparum 3D7]
CAA56931.1	XP_001348998.1	61.074	93	447	0.0	558	XP_001348998.1 heat shock protein 90 [Plasmodium falciparum 3D7]
CAA56931.1	XP_001348998.1	73.364	93	214	1.18e-103	332	XP_001348998.1 heat shock protein 90 [Plasmodium falciparum 3D7]
CAA56931.1	XP_001350620.1	38.587	99	736	3.52e-170	507	XP_001350620.1 endoplasmin, putative [Plasmodium falciparum 3D7]
CAA56931.1	XP_001348591.1	36.022	93	719	2.21e-142	438	XP_001348591.1 heat shock protein 90, putative [Plasmodium falciparum 3D7]
CAA56931.1	XP_001347859.1	25.795	93	566	1.35e-48	182	XP_001347859.1 heat shock protein 90, putative [Plasmodium falciparum 3D7]
CAA56931.1	XP_001347859.1	28.571	93	308	3.87e-33	135	XP_001347859.1 heat shock protein 90, putative [Plasmodium falciparum 3D7]
CAG38796.1	XP_001347762.2	62.691	96	327	1.93e-152	430	XP_001347762.2 DNA repair protein RAD51 [Plasmodium falciparum 3D7]
CAG38796.1	XP_001349356.2	52.584	97	329	6.55e-124	358	XP_001349356.2 meiotic recombination protein DMC1, putative [Plasmodium falciparum 3D7]
EAW89041.1	XP_001349401.1	40.385	92	520	2.85e-126	378	XP_001349401.1 karyopherin alpha [Plasmodium falciparum 3D7]
NP_002084.2	XP_001351197.1	48.492	91	398	1.18e-132	387	XP_001351197.1 glycogen synthase kinase 3 [Plasmodium falciparum 3D7]
NP_002084.2	XP_001350280.1	31.847	69	314	2.66e-45	157	XP_001350280.1 protein kinase 5 [Plasmodium falciparum 3D7]
NP_002084.2	XP_001348468.1	30.380	70	316	2.67e-45	166	XP_001348468.1 mitogen-activated protein kinase 1 [Plasmodium falciparum 3D7]
NP_002084.2	XP_001351486.1	28.704	70	324	2.01e-41	154	XP_001351486.1 cdc2-related protein kinase 1 [Plasmodium falciparum 3D7]
NP_002084.2	XP_024328970.1	34.746	51	236	5.84e-40	144	XP_024328970.1 protein kinase, putative [Plasmodium falciparum 3D7]
NP_004570.2	XP_024328937.1	31.481	32	270	1.03e-35	140	XP_024328937.1 calcium-dependent protein kinase 2 [Plasmodium falciparum 3D7]
NP_004570.2	XP_002808785.1	27.562	34	283	1.26e-30	121	XP_002808785.1 NIMA related kinase 4 [Plasmodium falciparum 3D7]
NP_004570.2	XP_001351174.1	31.008	31	258	6.27e-30	124	XP_001351174.1 calcium-dependent protein kinase 3 [Plasmodium falciparum 3D7]
NP_004570.2	XP_966043.1	28.873	32	284	6.30e-30	120	XP_966043.1 serine/threonine protein kinase [Plasmodium falciparum 3D7]
NP_004570.2	XP_001350105.1	27.055	34	292	2.03e-26	113	XP_001350105.1 calcium-dependent protein kinase 5 [Plasmodium falciparum 3D7]
NP_215534.1	XP_001348376.1	19.378	77	418	2.57e-14	73.2	XP_001348376.1 mannose-1-phosphate guanyltransferase, putative [Plasmodium falciparum 3D7]
NP_976226.1	XP_001350854.1	29.150	37	247	1.29e-29	123	XP_001350854.1 RAC-beta serine/threonine protein kinase [Plasmodium falciparum 3D7]
NP_976226.1	XP_001349078.1	29.963	40	267	8.47e-29	119	XP_001349078.1 calcium-dependent protein kinase 4 [Plasmodium falciparum 3D7]
NP_976226.1	XP_001351197.1	29.603	40	277	1.07e-27	114	XP_001351197.1 glycogen synthase kinase 3 [Plasmodium falciparum 3D7]
NP_976226.1	XP_001348401.2	29.617	43	287	1.66e-27	111	XP_001348401.2 calcium-dependent protein kinase, putative [Plasmodium falciparum 3D7]
NP_976226.1	XP_002808785.1	29.658	39	263	1.13e-26	109	XP_002808785.1 NIMA related kinase 4 [Plasmodium falciparum 3D7]
AAC98906.1	XP_024328874.1	57.386	98	528	0.0	616	XP_024328874.1 T-complex protein 1 subunit beta [Plasmodium falciparum 3D7]
AAC98906.1	XP_001348002.1	34.432	97	546	4.52e-91	288	XP_001348002.1 T-complex protein 1 subunit alpha [Plasmodium falciparum 3D7]
AAC98906.1	XP_001351157.1	34.871	99	542	1.61e-89	283	XP_001351157.1 T-complex protein 1 subunit eta [Plasmodium falciparum 3D7]
AAC98906.1	XP_001351273.1	32.677	93	508	2.25e-78	254	XP_001351273.1 T-complex protein 1 subunit epsilon [Plasmodium falciparum 3D7]
AAC98906.1	XP_002809084.1	29.151	94	518	5.49e-69	229	XP_002809084.1 T-complex protein 1 subunit delta [Plasmodium falciparum 3D7]
AAK85233.1	XP_024329017.1	46.758	82	509	4.18e-153	449	XP_024329017.1 thioredoxin reductase [Plasmodium falciparum 3D7]
AAK85233.1	XP_002808951.1	46.758	82	509	5.16e-153	452	XP_002808951.1 thioredoxin reductase [Plasmodium falciparum 3D7]
AAK85233.1	XP_001348365.1	35.125	79	521	8.11e-79	256	XP_001348365.1 glutathione reductase [Plasmodium falciparum 3D7]
AAK85233.1	XP_024329200.1	35.125	79	521	1.51e-78	256	XP_024329200.1 glutathione reductase [Plasmodium falciparum 3D7]
AAK85233.1	XP_001349365.1	24.823	81	564	8.22e-24	104	XP_001349365.1 dihydrolipoyl dehydrogenase, apicoplast [Plasmodium falciparum 3D7]
BAA89212.1	XP_001348898.1	33.636	5	110	2.81e-13	73.6	XP_001348898.1 bromodomain protein, putative [Plasmodium falciparum 3D7]
BAA89212.1	XP_001347612.1	46.032	3	63	2.37e-11	66.6	XP_001347612.1 bromodomain protein 1 [Plasmodium falciparum 3D7]
BAA89212.1	XP_001349291.2	40.580	3	69	6.87e-11	66.2	XP_001349291.2 histone acetyltransferase GCN5 [Plasmodium falciparum 3D7]
BAA89212.1	XP_001350536.1	37.234	5	94	6.54e-09	59.7	XP_001350536.1 bromodomain protein 2, putative [Plasmodium falciparum 3D7]
BAA89212.1	XP_001347386.2	39.726	5	73	4.24e-07	52.8	XP_001347386.2 MORN repeat protein, putative [Plasmodium falciparum 3D7]
BAA89212.1	XP_001347386.2	32.184	5	87	4.67e-06	49.3	XP_001347386.2 MORN repeat protein, putative [Plasmodium falciparum 3D7]
BAA89212.1	XP_001347386.2	37.079	5	89	4.97e-06	49.3	XP_001347386.2 MORN repeat protein, putative [Plasmodium falciparum 3D7]
NP_000042.3	XP_001351710.1	21.705	8	258	1.70e-11	68.9	XP_001351710.1 phosphatidylinositol 3-kinase [Plasmodium falciparum 3D7]
NP_000042.3	XP_001351656.1	22.727	8	242	3.97e-09	61.2	XP_001351656.1 phosphatidylinositol 4-kinase [Plasmodium falciparum 3D7]
pdb|2QK8|A	XP_001351479.1	29.851	77	134	2.12e-09	53.5	XP_001351479.1 bifunctional dihydrofolate reductase-thymidylate synthase [Plasmodium falciparum 3D7]
pdb|3EIG|A	XP_001351479.1	29.703	92	202	7.23e-20	84.7	XP_001351479.1 bifunctional dihydrofolate reductase-thymidylate synthase [Plasmodium falciparum 3D7]
sp|P12955.3|PEPD_HUMAN	XP_001348691.2	26.047	41	215	7.74e-06	47.0	XP_001348691.2 aminopeptidase P [Plasmodium falciparum 3D7]
sp|P56560.4|AOFB_BOVIN	XP_001350524.1	38.462	11	65	2.72e-06	48.9	XP_001350524.1 lysine-specific histone demethylase 1, putative [Plasmodium falciparum 3D7]
